timestamp_pc_ms,frequencia_hz,magnitude
1754017970321,69.0,0.220912
1754017970321,1812.5,0.285485
1754017970322,1820.31,0.064759
1754017970322,1828.13,0.270372
1754017970322,1835.94,0.280955
1754017970322,1843.75,0.555938
1754017970323,1851.56,0.611314
1754017970323,1859.38,0.259621
1754017970323,1867.19,0.237781
1754017970324,1875.0,0.148057
1754017970324,1882.81,0.252046
1754017970324,1890.63,0.217068
1754017970324,1898.44,0.309612
1754017970325,1906.25,0.441281
1754017970325,1914.06,0.1
1754017970325,414.06,28.775134
1754017970325,421.87,43.232293
1754017970326,429.69,15.721891
1754017970326,437.5,1.056241
1754017970326,445.31,0.256228
1754017970326,453.12,0.280768
1754017970327,460.94,1.591907
1754017970327,468.75,9.198151
1754017970327,476.56,45.180661
1754017970327,484.37,44.275339
1754017970328,492.19,8.223523
1754017970328,500.0,1.895229
1754017970328,507.81,0.039043
1754017970328,515.62,0.545833
1754017970328,523.44,0.494197
1754017970329,531.25,8.329304
1754017970329,539.06,21.86118
1754017970329,546.87,14.424663
1754017970329,554.69,1.458883
1754017970330,562.5,0.099586
1754017970330,570.31,0.358164
1754017970330,578.12,0.416246
1754017970330,585.94,1.358879
1754017970331,593.75,28.31144
1754017970331,601.56,46.237355
1754017970331,609.37,18.602899
1754017970331,617.19,0.885766
1754017970332,625.0,0.142217
1754017970332,632.81,0.359767
1754017970332,640.62,0.053874
1754017970332,648.44,1.419482
1754017970332,656.25,6.109322
1754017970333,664.06,6.569462
1754017970333,671.87,1.769616
1754017970333,679.69,0.314868
1754017970333,687.5,0.122112
1754017970334,695.31,0.378318
1754017970334,703.12,0.8681
1754017970334,710.94,13.33773
1754017970334,718.75,38.466172
1754017970335,726.56,27.010277
1754017970335,734.37,2.317617
1754017970335,742.19,0.79296
1754017970335,750.0,0.21304
1754017970336,757.81,0.138135
1754017970336,765.62,0.324447
1754017970336,773.44,2.127649
1754017970336,781.25,4.098783
1754017970337,789.06,1.488549
1754017970337,796.87,0.734656
1754017970337,804.69,0.506205
1754017970337,812.5,0.333747
1754017970337,820.31,0.840667
1754017970338,828.12,3.894182
1754017970338,835.94,25.57612
1754017970338,843.75,29.372684
1754017970338,851.56,7.397206
1754017970339,859.37,0.948011
1754017970339,867.19,0.313074
1754017970339,875.0,0.219111
1754017970339,882.81,0.470305
1754017970340,890.62,3.19223
1754017970340,898.44,10.668838
1754017970340,906.25,7.878773
1754017970340,914.06,0.407565
1754017970340,921.87,0.857319
1754017970341,929.69,0.492746
1754017970341,937.5,0.311096
1754017970341,945.31,0.425104
1754017970341,953.12,12.964861
1754017970342,960.94,24.922614
1754017970342,968.75,12.411975
1754017970342,976.56,0.386776
1754017970342,984.37,0.211714
1754017970343,992.19,0.177274
1754017970343,1000.0,0.436696
1754017970343,1007.81,1.571003
1754017970344,1015.62,11.95882
1754017970344,1023.44,14.505576
1754017970344,1031.25,3.72608
1754017970344,1039.06,1.232703
1754017970345,1046.88,0.416646
1754017970345,1054.69,0.376204
1754017970345,1062.5,0.405316
1754017970346,1070.31,4.504976
1754017970346,1078.13,16.092954
1754017970346,1085.94,13.633263
1754017970347,1093.75,2.518223
1754017970347,1101.56,0.368162
1754017970347,1109.38,0.50076
1754017970347,1117.19,0.295372
1754017970348,1125.0,0.352612
1754017970348,1132.81,8.708611
1754017970348,1140.63,17.926176
1754017970349,1148.44,9.459473
1754017970349,1156.25,0.157618
1754017970349,1164.06,0.499496
1754017970349,1171.88,0.431703
1754017970350,1179.69,0.366602
1754017970350,1187.5,0.8391
1754017970350,1195.31,7.294444
1754017970350,1203.13,10.041791
1754017970351,1210.94,3.472816
1754017970351,1218.75,0.20073
1754017970351,1226.56,0.276857
1754017970352,1234.38,0.265816
1754017970352,1242.19,0.82695
1754017970352,1250.0,4.114114
1754017970352,1257.81,16.000528
1754017970353,1265.63,14.06695
1754017970353,1273.44,2.102154
1754017970353,1281.25,0.427931
1754017970353,1289.06,0.629266
1754017970354,1296.88,0.554048
1754017970354,1304.69,0.388573
1754017970354,1312.5,1.813391
1754017970354,1320.31,4.803489
1754017970355,1328.13,3.296376
1754017970355,1335.94,0.791649
1754017970355,1343.75,0.262928
1754017970355,1351.56,0.297596
1754017970356,1359.38,0.144922
1754017970356,1367.19,1.223311
1754017970356,1375.0,11.299766
1754017970356,1382.81,16.577367
1754017970357,1390.63,6.172945
1754017970357,1398.44,0.237987
1754017970357,1406.25,0.142073
1754017970357,1414.06,0.150825
1754017970358,1421.88,0.166796
1754017970358,1429.69,0.063128
1754017970358,1437.5,0.352982
1754017970358,1445.31,0.407942
1754017970359,1453.13,0.551258
1754017970359,1460.94,0.514665
1754017970359,1468.75,0.413585
1754017970359,1476.56,0.217884
1754017970360,1484.38,0.249342
1754017970360,1492.19,5.793748
1754017970360,1500.0,14.480821
1754017970361,1507.81,9.18978
1754017970361,1515.63,0.756965
1754017970361,1523.44,0.421072
1754017970361,1531.25,0.249761
1754017970362,1539.06,0.346391
1754017970362,1546.88,0.623342
1754017970362,1554.69,2.398828
1754017970363,1562.5,3.454308
1754017970363,1570.31,1.105412
1754017970363,1578.13,0.964661
1754017970363,1585.94,0.593343
1754017970364,1593.75,0.336261
1754017970364,1601.56,0.288152
1754017970364,1609.38,1.732811
1754017970364,1617.19,9.799784
1754017970365,1625.0,10.615008
1754017970365,1632.81,2.901051
1754017970365,1640.63,0.461909
1754017970365,1648.44,0.393093
1754017970366,1656.25,0.319345
1754017970366,1664.06,0.179221
1754017970366,1671.88,2.042318
1754017970366,1679.69,5.542857
1754017970367,1687.5,3.595033
1754017970367,1695.31,0.238181
1754017970367,1703.13,0.343168
1754017970367,1710.94,0.179073
1754017970368,1718.75,0.355588
1754017970368,1726.56,0.325936
1754017970368,1734.38,5.242234
1754017970368,1742.19,9.003743
1754017970369,1750.0,4.133404
1754017970369,1757.81,0.161993
1754017970369,1765.63,0.246796
1754017970369,1773.44,0.206513
1754017970370,1781.25,0.177299
1754017970370,1789.06,1.019233
1754017970370,1796.88,5.826154
1754017970370,1804.69,6.716784
1754017970371,1812.5,1.829097
1754017970371,1820.31,0.361088
1754017970371,1828.13,0.233757
1754017970372,1835.94,0.096236
1754017970372,1843.75,0.08261
1754017970372,1851.56,2.010491
1754017970372,1859.38,5.773254
1754017970373,1867.19,4.506069
1754017970373,1875.0,1.350925
1754017970373,1882.81,0.892572
1754017970373,1890.63,0.54908
1754017970374,1898.44,0.274011
1754017970374,1906.25,0.245883
1754017970374,1914.06,4.295211
1754017970374,1921.88,7.866643
1754017970375,1929.69,3.663316
1754017970375,1937.5,0.803257
1754017970375,1945.31,0.224687
1754017970375,1953.13,0.199889
1754017970376,1960.94,0.139208
1754017970376,1968.75,0.615436
1754017970376,1976.56,2.880172
1754017970376,1984.38,3.407401
1754017970377,1992.19,1.511248
1754017970377,2000.0,0.530941
1754017970377,2007.81,0.044016
1754017970377,2015.63,0.086591
1754017970378,2023.44,0.085474
1754017970378,2031.25,2.391286
1754017970378,2039.06,7.061525
1754017970379,2046.88,5.708578
1754017970379,2054.69,1.44778
1754017970379,2062.5,0.517168
1754017970379,2070.31,0.09209
1754017970380,2078.13,0.273657
1754017970380,2085.94,0.09486
1754017970380,2093.75,0.542536
1754017970380,2101.56,1.232108
1754017970381,2109.38,0.816026
1754017970381,2117.19,0.25218
1754017970381,2125.0,0.385658
1754017970381,2132.81,0.617334
1754017970382,2140.63,0.32434
1754017970382,2148.44,0.966162
1754017970382,2156.25,5.207372
1754017970382,2164.06,6.509399
1754017970383,2171.88,2.160934
1754017970383,2179.69,0.348182
1754017970383,2187.5,0.350475
1754017970383,2195.31,0.349783
1754017970384,2203.13,0.369274
1754017970384,2210.94,0.645877
1754017970384,2218.75,1.378633
1754017970384,2226.56,1.282688
1754017970385,2234.38,0.469869
1754017970385,2242.19,0.151544
1754017970385,2250.0,0.034588
1754017970385,2257.81,0.20684
1754017970386,2265.63,0.229655
1754017970386,2273.44,2.630585
1754017970386,2281.25,5.502827
1754017970386,2289.06,3.242054
1754017970387,2296.88,1.052034
1754017970387,2304.69,0.520016
1754017970387,2312.5,0.380329
1754017970387,2320.31,0.499035
1754017970388,2328.13,0.671437
1754017970388,2335.94,1.501364
1754017970388,2343.75,1.614994
1754017970389,2351.56,0.638986
1754017970389,2359.38,0.783431
1754017970389,2367.19,0.334433
1754017970389,2375.0,0.072996
1754017970390,2382.81,0.293445
1754017970390,2390.63,0.533908
1754017970390,2398.44,3.523619
1754017970391,2406.25,3.632471
1754017970391,2414.06,1.24499
1754017970391,2421.88,0.426443
1754017970391,2429.69,0.2826
1754017970392,2437.5,0.168505
1754017970392,2445.31,0.194966
1754017970392,2453.13,1.211176
1754017970392,2460.94,2.825469
1754017970393,2468.75,1.930281
1754017970393,2476.56,0.570417
1754017970393,2484.38,0.17691
1754017970394,2492.19,0.270394
1754017970394,2500.0,0.118531
1754017970394,2507.81,0.02242
1754017970394,2515.63,1.857691
1754017970395,2523.44,2.940174
1754017970395,2531.25,1.366116
1754017970395,2539.06,0.661603
1754017970395,2546.88,0.357445
1754017970396,2554.69,0.209762
1754017970396,2562.5,0.219803
1754017970396,2570.31,0.746943
1754017970397,2578.13,2.696359
1754017970397,2585.94,2.660225
1754017970397,2593.75,0.764467
1754017970397,2601.56,0.342286
1754017970398,2609.38,0.097625
1754017970398,2617.19,0.105157
1754017970398,2625.0,0.316768
1754017970398,2632.81,0.447838
1754017970399,2640.63,1.50452
1754017970399,2648.44,1.299266
1754017970399,2656.25,0.724851
1754017970399,2664.06,0.472842
1754017970400,2671.88,0.15977
1754017970400,2679.69,0.23375
1754017970400,2687.5,0.389346
1754017970400,2695.31,1.688874
1754017970401,2703.13,2.716978
1754017970401,2710.94,1.608587
1754017970401,2718.75,0.565744
1754017970401,2726.56,0.335356
1754017970402,2734.38,0.236812
1754017970402,2742.19,0.452717
1754017970402,2750.0,0.284758
1754017970403,2757.81,1.070666
1754017970403,2765.63,1.337888
1754017970403,2773.44,0.88157
1754017970403,2781.25,0.750868
1754017970404,2789.06,0.378089
1754017970404,2796.88,0.240909
1754017970404,2804.69,0.292445
1754017970404,2812.5,0.783356
1754017970405,2820.31,2.109361
1754017970405,2828.13,1.866444
1754017970405,2835.94,1.22675
1754017970406,2843.75,0.765595
1754017970406,2851.56,0.304853
1754017970406,2859.38,0.116477
1754017970406,2867.19,0.437508
1754017970407,2875.0,0.711391
1754017970407,2882.81,1.158338
1754017970407,2890.63,0.557805
1754017970408,2898.44,0.294281
1754017970408,2906.25,0.235121
1754017970408,2914.06,0.218235
1754017970408,2921.88,0.091011
1754017970409,2929.69,0.138855
1754017970409,2937.5,1.328565
1754017970409,2945.31,2.100478
1754017970409,2953.13,1.713316
1754017970410,2960.94,0.942108
1754017970410,2968.75,0.007644
1754017970410,2976.56,0.104216
1754017970410,2984.38,0.324858
1754017970411,2992.19,0.195021
1754017970411,3000.0,0.932357
1754017970411,3007.81,1.060275
1754017970412,3015.63,0.396536
1754017970412,3023.44,0.064399
1754017970412,3031.25,0.216955
1754017970412,3039.06,0.24005
1754017970413,3046.88,0.274984
1754017970413,3054.69,0.64129
1754017970413,3062.5,1.474273
1754017970413,3070.31,1.165902
1754017970414,3078.13,1.28099
1754017970414,3085.94,0.397533
1754017970414,3093.75,0.117487
1754017970415,3101.56,0.145513
1754017970415,3109.38,0.501935
1754017970415,3117.19,1.166562
1754017970415,3125.0,1.263304
1754017970416,3132.81,0.677481
1754017970416,3140.63,0.260184
1754017970416,3148.44,0.122277
1754017970416,3156.25,0.357659
1754017970417,3164.06,0.399926
1754017970417,3171.88,0.506888
1754017970417,3179.69,0.920074
1754017970417,3187.5,0.8926
1754017970418,3195.31,1.267806
1754017970418,3203.13,0.819712
1754017970418,3210.94,0.564798
1754017970419,3218.75,0.501962
1754017970419,3226.56,0.675278
1754017970419,3234.38,0.922097
1754017970419,3242.19,1.030902
1754017970420,3250.0,0.6588
1754017970420,3257.81,0.537267
1754017970420,3265.63,0.332246
1754017970421,3273.44,0.31968
1754017970421,3281.25,0.43276
1754017970421,3289.06,0.352683
1754017970421,3296.88,0.802604
1754017970422,3304.69,0.777888
1754017970422,3312.5,0.862946
1754017970422,3320.31,1.138455
1754017970423,3328.13,0.441761
1754017970423,3335.94,0.220132
1754017970423,3343.75,0.219454
1754017970423,3351.56,0.241725
1754017970424,3359.38,0.739346
1754017970424,3367.19,1.045771
1754017970424,3375.0,1.136902
1754017970424,3382.81,0.497095
1754017970425,3390.63,0.227436
1754017970425,3398.44,0.328142
1754017970425,3406.25,0.212337
1754017970426,3414.06,0.523532
1754017970426,3421.88,0.998405
1754017970426,3429.69,0.130774
1754017970426,3437.5,0.678569
1754017970427,3445.31,0.288585
1754017970427,3453.13,0.083436
1754017970427,3460.94,0.177574
1754017970428,3468.75,0.281592
1754017970428,3476.56,0.12197
1754017970428,3484.38,0.225199
1754017970428,3492.19,0.953586
1754017970429,3500.0,0.974158
1754017970429,3507.81,0.459285
1754017970429,3515.63,0.152452
1754017970429,3523.44,0.24648
1754017970430,3531.25,0.210453
1754017970430,3539.06,0.473937
1754017970430,3546.88,0.428436
1754017970430,3554.69,0.430058
1754017970431,3562.5,0.401508
1754017970431,3570.31,0.122633
1754017970431,3578.13,0.232419
1754017970432,3585.94,0.164628
1754017970432,3593.75,0.410778
1754017970432,3601.56,0.477873
1754017970432,3609.38,0.83957
1754017970433,3617.19,1.09591
1754017970433,3625.0,0.344446
1754017970433,3632.81,0.446813
1754017970434,3640.63,0.194562
1754017970434,3648.44,0.355461
1754017970434,3656.25,0.730921
1754017970434,3664.06,0.797706
1754017970435,3671.88,0.446663
1754017970435,3679.69,0.574641
1754017970435,3687.5,0.445966
1754017970435,3695.31,0.512767
1754017970436,3703.13,0.410755
1754017970436,3710.94,0.077523
1754017970436,3718.75,0.850166
1754017970436,3726.56,0.918391
1754017970437,3734.38,1.366151
1754017970437,3742.19,0.9861
1754017970437,3750.0,0.29642
1754017970437,3757.81,0.323064
1754017970438,3765.63,0.320983
1754017970438,3773.44,0.414834
1754017970438,3781.25,0.8974
1754017970439,3789.06,0.669087
1754017970439,3796.88,0.090581
1754017970439,3804.69,0.397966
1754017970439,3812.5,0.392203
1754017970440,3820.31,0.271352
1754017970440,3828.13,0.250614
1754017970440,3835.94,0.458164
1754017970440,3843.75,0.834339
1754017970441,3851.56,0.318162
1754017970441,3859.38,0.780989
1754017970441,3867.19,0.137621
1754017970441,3875.0,0.160606
1754017970442,3882.81,0.052678
1754017970442,3890.63,0.415011
1754017970442,3898.44,0.86579
1754017970442,3906.25,0.539132
1754017970443,3914.06,0.452913
1754017970443,3921.88,0.423706
1754017970443,3929.69,0.075757
1754017970443,3937.5,0.189367
1754017970444,3945.31,0.188953
1754017970444,3953.13,0.133121
1754017970444,3960.94,0.292051
1754017970445,3968.75,0.368
1754017970445,3976.56,1.049441
1754017970445,3984.38,0.782525
1754017970445,3992.19,0.478691
1754017970817,7.81,10.899434
1754017970817,15.63,0.755737
1754017970817,23.44,1.800284
1754017970817,31.25,2.548697
1754017970818,39.06,8.26208
1754017970818,46.88,44.900778
1754017970818,54.69,378.509583
1754017970818,62.5,485.174535
1754017970819,70.31,144.062201
1754017970819,78.12,13.723531
1754017970819,85.94,3.818525
1754017970819,93.75,1.358248
1754017970820,101.56,0.954468
1754017970820,109.37,13.77134
1754017970820,117.19,54.620007
1754017970820,125.0,45.870923
1754017970821,132.81,6.746799
1754017970821,140.62,1.324018
1754017970821,148.44,0.66035
1754017970821,156.25,0.720367
1754017970822,164.06,0.802299
1754017970822,171.87,71.331096
1754017970822,179.69,154.701351
1754017970822,187.5,84.290556
1754017970823,195.31,1.64099
1754017970823,203.12,0.787294
1754017970823,210.94,0.853153
1754017970823,218.75,0.337412
1754017970824,226.56,4.595358
1754017970824,234.37,43.02733
1754017970824,242.19,59.365616
1754017970825,250.0,19.661228
1754017970825,257.81,1.526508
1754017970825,265.62,1.143425
1754017970825,273.44,0.330667
1754017970826,281.25,2.271726
1754017970826,289.06,17.096324
1754017970826,296.87,71.595239
1754017970826,304.69,65.020768
1754017970827,312.5,10.96386
1754017970827,320.31,1.595247
1754017970827,328.12,0.541998
1754017970827,335.94,0.337881
1754017970828,343.75,0.233026
1754017970828,351.56,24.527813
1754017970828,359.37,57.615119
1754017970828,367.19,33.967608
1754017970829,375.0,1.342521
1754017970829,382.81,0.682148
1754017970829,390.62,0.111456
1754017970829,398.44,0.707047
1754017970830,406.25,1.937492
1754017970830,414.06,28.851946
1754017970830,421.87,43.637175
1754017970830,429.69,16.027021
1754017970831,437.5,0.908062
1754017970831,445.31,0.1991
1754017970831,453.12,0.614099
1754017970831,460.94,1.131549
1754017970831,468.75,9.916545
1754017970832,476.56,45.677802
1754017970832,484.37,44.852076
1754017970832,492.19,8.930203
1754017970832,500.0,1.447133
1754017970833,507.81,0.679837
1754017970833,515.62,0.366154
1754017970833,523.44,0.98355
1754017970833,531.25,7.816327
1754017970834,539.06,21.135914
1754017970834,546.87,13.663593
1754017970834,554.69,0.866277
1754017970834,562.5,0.640043
1754017970835,570.31,0.158495
1754017970835,578.12,0.193709
1754017970835,585.94,2.013638
1754017970835,593.75,28.795615
1754017970836,601.56,46.387521
1754017970836,609.37,18.45977
1754017970836,617.19,1.172635
1754017970836,625.0,0.123935
1754017970837,632.81,0.160072
1754017970837,640.62,0.410733
1754017970837,648.44,0.892118
1754017970838,656.25,5.733003
1754017970838,664.06,6.321074
1754017970838,671.87,1.594517
1754017970838,679.69,0.663567
1754017970839,687.5,0.465023
1754017970839,695.31,0.172467
1754017970839,703.12,0.580716
1754017970839,710.94,13.71985
1754017970840,718.75,38.767915
1754017970840,726.56,27.43076
1754017970840,734.37,2.963553
1754017970840,742.19,0.171189
1754017970841,750.0,0.62565
1754017970841,757.81,0.266219
1754017970841,765.62,0.361095
1754017970841,773.44,2.614601
1754017970842,781.25,4.419179
1754017970842,789.06,2.108161
1754017970842,796.87,0.384982
1754017970842,804.69,0.401499
1754017970843,812.5,0.226524
1754017970843,820.31,0.908643
1754017970843,828.12,4.014947
1754017970843,835.94,25.649142
1754017970844,843.75,29.410938
1754017970844,851.56,7.140922
1754017970844,859.37,1.416449
1754017970844,867.19,0.099414
1754017970845,875.0,0.205597
1754017970845,882.81,0.259032
1754017970845,890.62,3.383615
1754017970845,898.44,10.903728
1754017970846,906.25,8.233796
1754017970846,914.06,0.689369
1754017970846,921.87,0.585951
1754017970846,929.69,0.178606
1754017970847,937.5,0.198183
1754017970847,945.31,0.224841
1754017970847,953.12,12.684057
1754017970847,960.94,24.564486
1754017970848,968.75,12.095615
1754017970848,976.56,0.325536
1754017970848,984.37,0.379482
1754017970848,992.19,0.144396
1754017970849,1000.0,0.289912
1754017970849,1007.81,1.88193
1754017970849,1015.62,11.652739
1754017970850,1023.44,14.499404
1754017970850,1031.25,4.200153
1754017970850,1039.06,0.761843
1754017970850,1046.88,0.227227
1754017970851,1054.69,0.369201
1754017970851,1062.5,0.973014
1754017970851,1070.31,4.212472
1754017970851,1078.13,15.778458
1754017970852,1085.94,13.116127
1754017970852,1093.75,2.201109
1754017970852,1101.56,0.550564
1754017970852,1109.38,0.309982
1754017970853,1117.19,0.20712
1754017970853,1125.0,0.527082
1754017970853,1132.81,9.050277
1754017970854,1140.63,18.248969
1754017970854,1148.44,9.923888
1754017970854,1156.25,0.653403
1754017970854,1164.06,0.16652
1754017970855,1171.88,0.044476
1754017970855,1179.69,0.331832
1754017970855,1187.5,1.182759
1754017970855,1195.31,7.828511
1754017970856,1203.13,10.144699
1754017970856,1210.94,3.26057
1754017970856,1218.75,0.413662
1754017970856,1226.56,0.203828
1754017970857,1234.38,0.087988
1754017970857,1242.19,0.422485
1754017970857,1250.0,4.341342
1754017970857,1257.81,16.357744
1754017970858,1265.63,14.478875
1754017970858,1273.44,2.730895
1754017970858,1281.25,0.230685
1754017970859,1289.06,0.581091
1754017970859,1296.88,0.256494
1754017970859,1304.69,0.37266
1754017970859,1312.5,1.900595
1754017970860,1320.31,4.592499
1754017970860,1328.13,2.589818
1754017970860,1335.94,0.376565
1754017970860,1343.75,0.270328
1754017970861,1351.56,0.154497
1754017970861,1359.38,0.041813
1754017970861,1367.19,1.404495
1754017970861,1375.0,11.427704
1754017970862,1382.81,16.280786
1754017970862,1390.63,5.974595
1754017970862,1398.44,0.319997
1754017970863,1406.25,0.205656
1754017970863,1414.06,0.403611
1754017970863,1421.88,0.386171
1754017970863,1429.69,0.517846
1754017970864,1437.5,0.132605
1754017970864,1445.31,0.415031
1754017970864,1453.13,0.343271
1754017970864,1460.94,0.333635
1754017970865,1468.75,0.064074
1754017970865,1476.56,0.434615
1754017970865,1484.38,0.233238
1754017970866,1492.19,6.090147
1754017970866,1500.0,14.752062
1754017970866,1507.81,9.557103
1754017970866,1515.63,0.977167
1754017970867,1523.44,0.126117
1754017970867,1531.25,0.318086
1754017970867,1539.06,0.33344
1754017970867,1546.88,0.431003
1754017970868,1554.69,2.279136
1754017970868,1562.5,3.359387
1754017970868,1570.31,1.481879
1754017970869,1578.13,0.59215
1754017970869,1585.94,0.260003
1754017970869,1593.75,0.208269
1754017970869,1601.56,0.374125
1754017970870,1609.38,2.009851
1754017970870,1617.19,10.000216
1754017970870,1625.0,10.558839
1754017970870,1632.81,2.794628
1754017970871,1640.63,0.194641
1754017970871,1648.44,0.148731
1754017970871,1656.25,0.039854
1754017970871,1664.06,0.331205
1754017970872,1671.88,2.733117
1754017970872,1679.69,6.327578
1754017970872,1687.5,4.23782
1754017970873,1695.31,0.482501
1754017970873,1703.13,0.081504
1754017970873,1710.94,0.217716
1754017970873,1718.75,0.216753
1754017970874,1726.56,0.163168
1754017970874,1734.38,5.059759
1754017970874,1742.19,8.736219
1754017970874,1750.0,4.243003
1754017970875,1757.81,0.547435
1754017970875,1765.63,0.121637
1754017970875,1773.44,0.211427
1754017970875,1781.25,0.221039
1754017970876,1789.06,0.928445
1754017970876,1796.88,5.88203
1754017970876,1804.69,6.767505
1754017970876,1812.5,2.22217
1754017970877,1820.31,0.490232
1754017970877,1828.13,0.308631
1754017970877,1835.94,0.272018
1754017970878,1843.75,0.491609
1754017970878,1851.56,1.641294
1754017970878,1859.38,5.619126
1754017970878,1867.19,4.335027
1754017970879,1875.0,0.880599
1754017970879,1882.81,0.363919
1754017970879,1890.63,0.259902
1754017970879,1898.44,0.270793
1754017970880,1906.25,0.211407
1754017970880,1914.06,4.065575
1754017970880,1921.88,7.785398
1754017970880,1929.69,4.105922
1754017970881,1937.5,0.559256
1754017970881,1945.31,0.476511
1754017970881,1953.13,0.562388
1754017970882,1960.94,0.38575
1754017970882,1968.75,0.300487
1754017970882,1976.56,2.102381
1754017970882,1984.38,2.872978
1754017970883,1992.19,0.837031
1754017970883,2000.0,0.216423
1754017970883,2007.81,0.171776
1754017970883,2015.63,0.342515
1754017970884,2023.44,0.224039
1754017970884,2031.25,2.018103
1754017970884,2039.06,7.026082
1754017970885,2046.88,6.071179
1754017970885,2054.69,1.471659
1754017970885,2062.5,0.117549
1754017970885,2070.31,0.22429
1754017970886,2078.13,0.44248
1754017970886,2085.94,0.417376
1754017970886,2093.75,0.828292
1754017970886,2101.56,1.693085
1754017970887,2109.38,1.238093
1754017970887,2117.19,0.655196
1754017970887,2125.0,0.5652
1754017970887,2132.81,0.598389
1754017970888,2140.63,0.45882
1754017970888,2148.44,0.942093
1754017970888,2156.25,5.011173
1754017970888,2164.06,6.59496
1754017970889,2171.88,2.629561
1754017970889,2179.69,0.378
1754017970889,2187.5,0.296989
1754017970890,2195.31,0.463301
1754017970890,2203.13,0.766397
1754017970890,2210.94,1.034099
1754017970890,2218.75,1.341927
1754017970891,2226.56,1.099941
1754017970891,2234.38,0.460533
1754017970891,2242.19,0.129627
1754017970891,2250.0,0.085769
1754017970892,2257.81,0.298038
1754017970892,2265.63,0.302789
1754017970892,2273.44,2.666847
1754017970892,2281.25,5.766612
1754017970893,2289.06,3.53874
1754017970893,2296.88,0.764922
1754017970893,2304.69,0.148477
1754017970894,2312.5,0.367124
1754017970894,2320.31,0.298044
1754017970894,2328.13,0.506111
1754017970894,2335.94,1.543123
1754017970895,2343.75,1.860616
1754017970895,2351.56,0.732698
1754017970895,2359.38,0.164516
1754017970895,2367.19,0.454178
1754017970896,2375.0,0.333283
1754017970896,2382.81,0.368744
1754017970896,2390.63,0.575234
1754017970896,2398.44,3.662453
1754017970897,2406.25,3.923062
1754017970897,2414.06,1.665451
1754017970897,2421.88,0.629966
1754017970898,2429.69,0.257136
1754017970898,2437.5,0.34531
1754017970898,2445.31,0.348761
1754017970898,2453.13,1.52349
1754017970899,2460.94,3.322003
1754017970899,2468.75,2.523642
1754017970899,2476.56,1.0788
1754017970900,2484.38,0.446295
1754017970900,2492.19,0.335432
1754017970900,2500.0,0.757203
1754017970900,2507.81,0.595747
1754017970901,2515.63,1.781041
1754017970901,2523.44,2.779474
1754017970901,2531.25,1.461187
1754017970901,2539.06,0.431149
1754017970902,2546.88,0.166264
1754017970902,2554.69,0.204259
1754017970902,2562.5,0.113765
1754017970902,2570.31,0.712406
1754017970903,2578.13,2.854152
1754017970903,2585.94,3.057153
1754017970903,2593.75,1.06368
1754017970903,2601.56,0.135686
1754017970904,2609.38,0.134472
1754017970904,2617.19,0.121389
1754017970904,2625.0,0.236634
1754017970905,2632.81,0.474716
1754017970905,2640.63,1.5317
1754017970905,2648.44,1.294316
1754017970905,2656.25,0.503767
1754017970906,2664.06,0.258916
1754017970906,2671.88,0.076809
1754017970906,2679.69,0.133813
1754017970906,2687.5,0.168618
1754017970907,2695.31,1.586539
1754017970907,2703.13,2.795355
1754017970907,2710.94,1.779756
1754017970907,2718.75,0.699238
1754017970908,2726.56,0.123975
1754017970908,2734.38,0.342931
1754017970908,2742.19,0.486156
1754017970908,2750.0,0.767785
1754017970909,2757.81,1.401495
1754017970909,2765.63,1.284958
1754017970909,2773.44,0.807702
1754017970909,2781.25,0.496941
1754017970910,2789.06,0.191451
1754017970910,2796.88,0.223867
1754017970910,2804.69,0.126135
1754017970910,2812.5,1.031026
1754017970911,2820.31,2.531196
1754017970911,2828.13,2.214003
1754017970911,2835.94,1.234304
1754017970911,2843.75,0.550924
1754017970912,2851.56,0.149741
1754017970912,2859.38,0.301709
1754017970912,2867.19,0.370815
1754017970912,2875.0,0.669439
1754017970913,2882.81,1.046829
1754017970913,2890.63,0.57392
1754017970913,2898.44,0.244698
1754017970914,2906.25,0.286315
1754017970914,2914.06,0.272256
1754017970914,2921.88,0.037551
1754017970914,2929.69,0.097878
1754017970915,2937.5,0.912004
1754017970915,2945.31,1.613708
1754017970915,2953.13,1.554053
1754017970915,2960.94,0.935515
1754017970916,2968.75,0.381584
1754017970916,2976.56,0.201858
1754017970916,2984.38,0.403032
1754017970916,2992.19,0.878489
1754017970917,3000.0,1.144169
1754017970917,3007.81,0.585269
1754017970917,3015.63,0.121812
1754017970918,3023.44,0.30992
1754017970918,3031.25,0.44728
1754017970918,3039.06,0.403731
1754017970918,3046.88,0.303589
1754017970919,3054.69,0.655493
1754017970919,3062.5,1.455395
1754017970919,3070.31,1.429466
1754017970919,3078.13,1.200825
1754017970920,3085.94,0.719671
1754017970920,3093.75,0.313812
1754017970920,3101.56,0.114132
1754017970920,3109.38,0.359317
1754017970921,3117.19,1.132345
1754017970921,3125.0,1.260142
1754017970921,3132.81,0.62028
1754017970922,3140.63,0.407223
1754017970922,3148.44,0.317295
1754017970922,3156.25,0.221272
1754017970922,3164.06,0.094617
1754017970923,3171.88,0.35034
1754017970923,3179.69,0.716051
1754017970923,3187.5,1.013944
1754017970923,3195.31,1.227888
1754017970924,3203.13,0.76368
1754017970924,3210.94,0.160987
1754017970924,3218.75,0.243678
1754017970924,3226.56,0.362775
1754017970925,3234.38,0.713623
1754017970925,3242.19,1.074453
1754017970925,3250.0,0.640314
1754017970926,3257.81,0.668871
1754017970926,3265.63,0.183842
1754017970926,3273.44,0.277507
1754017970927,3281.25,0.508979
1754017970927,3289.06,0.690265
1754017970927,3296.88,0.842586
1754017970927,3304.69,1.052515
1754017970928,3312.5,1.316693
1754017970928,3320.31,0.864602
1754017970928,3328.13,0.096556
1754017970928,3335.94,0.094339
1754017970929,3343.75,0.206596
1754017970929,3351.56,0.429943
1754017970929,3359.38,1.0703
1754017970929,3367.19,1.333302
1754017970930,3375.0,1.282522
1754017970930,3382.81,0.639952
1754017970930,3390.63,0.289643
1754017970930,3398.44,0.207898
1754017970931,3406.25,0.374359
1754017970931,3414.06,0.712167
1754017970931,3421.88,0.919917
1754017970931,3429.69,0.557028
1754017970932,3437.5,0.95097
1754017970932,3445.31,0.527089
1754017970932,3453.13,0.120978
1754017970932,3460.94,0.131388
1754017970933,3468.75,0.243194
1754017970933,3476.56,0.571205
1754017970933,3484.38,0.90665
1754017970934,3492.19,1.19649
1754017970934,3500.0,1.273281
1754017970934,3507.81,0.57314
1754017970934,3515.63,0.2474
1754017970935,3523.44,0.302128
1754017970935,3531.25,0.635198
1754017970935,3539.06,1.018218
1754017970935,3546.88,0.721
1754017970936,3554.69,0.63762
1754017970936,3562.5,0.513841
1754017970936,3570.31,0.144094
1754017970936,3578.13,0.137518
1754017970937,3585.94,0.02059
1754017970937,3593.75,0.14227
1754017970937,3601.56,0.312209
1754017970937,3609.38,0.729095
1754017970938,3617.19,1.453128
1754017970938,3625.0,0.841432
1754017970938,3632.81,0.103946
1754017970938,3640.63,0.261489
1754017970939,3648.44,0.386486
1754017970939,3656.25,0.856163
1754017970939,3664.06,0.992987
1754017970940,3671.88,0.196343
1754017970940,3679.69,0.736182
1754017970940,3687.5,0.301877
1754017970940,3695.31,0.159719
1754017970941,3703.13,0.149167
1754017970941,3710.94,0.244973
1754017970941,3718.75,0.620294
1754017970941,3726.56,0.29075
1754017970942,3734.38,0.983495
1754017970942,3742.19,0.957401
1754017970942,3750.0,0.32402
1754017970943,3757.81,0.171137
1754017970943,3765.63,0.148667
1754017970943,3773.44,0.365982
1754017970943,3781.25,0.876978
1754017970944,3789.06,0.571664
1754017970944,3796.88,0.626808
1754017970944,3804.69,0.467092
1754017970944,3812.5,0.298364
1754017970945,3820.31,0.483771
1754017970945,3828.13,0.484595
1754017970945,3835.94,0.55365
1754017970946,3843.75,0.479839
1754017970946,3851.56,0.68165
1754017970946,3859.38,0.980062
1754017970946,3867.19,0.287582
1754017970947,3875.0,0.19254
1754017970947,3882.81,0.270502
1754017970947,3890.63,0.284687
1754017970947,3898.44,0.706882
1754017970948,3906.25,0.734234
1754017970948,3914.06,0.288954
1754017970948,3921.88,0.484518
1754017970948,3929.69,0.229351
1754017970949,3937.5,0.215935
1754017970949,3945.31,0.161376
1754017970949,3953.13,0.274769
1754017970949,3960.94,0.742109
1754017970950,3968.75,0.3391
1754017970950,3976.56,0.575713
1754017970950,3984.38,0.327965
1754017970950,3992.19,0.263389
1754017971317,7.81,7.77021
1754017971317,15.63,0.284674
1754017971317,23.44,1.627216
1754017971317,31.25,2.71331
1754017971318,39.06,8.134316
1754017971318,46.88,44.923314
1754017971318,54.69,378.523561
1754017971319,62.5,485.205446
1754017971319,70.31,143.715382
1754017971319,78.12,14.120313
1754017971319,85.94,3.916481
1754017971320,93.75,1.345055
1754017971320,101.56,0.592003
1754017971320,109.37,14.435686
1754017971320,117.19,55.162728
1754017971321,125.0,45.922664
1754017971321,132.81,6.753706
1754017971321,140.62,1.160507
1754017971321,148.44,0.535981
1754017971322,156.25,0.425103
1754017971322,164.06,1.046249
1754017971322,171.87,71.47777
1754017971323,179.69,154.921055
1754017971323,187.5,84.112543
1754017971323,195.31,1.529901
1754017971323,203.12,0.958594
1754017971324,210.94,0.906699
1754017971324,218.75,1.097815
1754017971324,226.56,4.384226
1754017971324,234.37,42.836653
1754017971325,242.19,58.960893
1754017971325,250.0,19.563556
1754017971325,257.81,1.216885
1754017971325,265.62,1.299569
1754017971326,273.44,0.279489
1754017971326,281.25,2.280496
1754017971326,289.06,16.709688
1754017971326,296.87,71.093859
1754017971327,304.69,64.921231
1754017971327,312.5,10.874579
1754017971327,320.31,1.909157
1754017971327,328.12,0.632196
1754017971328,335.94,0.286947
1754017971328,343.75,0.719369
1754017971328,351.56,24.175507
1754017971328,359.37,57.453062
1754017971329,367.19,34.023182
1754017971329,375.0,1.26456
1754017971329,382.81,0.652114
1754017971329,390.62,0.420866
1754017971330,398.44,0.313093
1754017971330,406.25,2.025363
1754017971330,414.06,28.848788
1754017971330,421.87,43.497415
1754017971331,429.69,15.4556
1754017971331,437.5,1.440124
1754017971331,445.31,0.359738
1754017971331,453.12,0.209613
1754017971332,460.94,1.256872
1754017971332,468.75,9.46887
1754017971332,476.56,45.193489
1754017971332,484.37,44.313613
1754017971333,492.19,8.545115
1754017971333,500.0,1.311713
1754017971333,507.81,0.407494
1754017971333,515.62,0.624922
1754017971334,523.44,0.304635
1754017971334,531.25,8.098278
1754017971334,539.06,21.342108
1754017971334,546.87,13.758716
1754017971335,554.69,1.138355
1754017971335,562.5,0.657324
1754017971335,570.31,0.442518
1754017971335,578.12,0.365128
1754017971335,585.94,2.11927
1754017971336,593.75,28.738367
1754017971336,601.56,46.472588
1754017971336,609.37,18.752307
1754017971336,617.19,0.883036
1754017971337,625.0,0.238025
1754017971337,632.81,0.229495
1754017971337,640.62,0.354925
1754017971337,648.44,0.699236
1754017971338,656.25,5.622108
1754017971338,664.06,6.090865
1754017971338,671.87,1.111255
1754017971338,679.69,0.509099
1754017971339,687.5,0.229957
1754017971339,695.31,0.368521
1754017971339,703.12,0.696436
1754017971339,710.94,13.322878
1754017971339,718.75,38.327544
1754017971340,726.56,26.590634
1754017971340,734.37,2.146808
1754017971340,742.19,0.473825
1754017971340,750.0,0.64526
1754017971341,757.81,0.198741
1754017971341,765.62,0.10073
1754017971341,773.44,2.388063
1754017971341,781.25,4.424546
1754017971342,789.06,1.896292
1754017971342,796.87,0.130486
1754017971342,804.69,0.424822
1754017971342,812.5,0.194575
1754017971342,820.31,0.701294
1754017971343,828.12,4.131562
1754017971343,835.94,25.43139
1754017971343,843.75,29.027412
1754017971343,851.56,7.152365
1754017971344,859.37,0.974265
1754017971344,867.19,0.707733
1754017971344,875.0,0.279186
1754017971344,882.81,0.248272
1754017971345,890.62,3.562791
1754017971345,898.44,10.797504
1754017971345,906.25,8.346181
1754017971345,914.06,1.529455
1754017971345,921.87,0.52979
1754017971346,929.69,0.544323
1754017971346,937.5,0.594766
1754017971346,945.31,0.171182
1754017971346,953.12,12.726767
1754017971347,960.94,24.371033
1754017971347,968.75,11.642159
1754017971347,976.56,0.600474
1754017971347,984.37,0.619659
1754017971348,992.19,0.48019
1754017971348,1000.0,0.532765
1754017971348,1007.81,1.407657
1754017971349,1015.62,11.302614
1754017971349,1023.44,14.099905
1754017971349,1031.25,4.10475
1754017971349,1039.06,0.370899
1754017971350,1046.88,0.581544
1754017971350,1054.69,0.298796
1754017971350,1062.5,0.587613
1754017971350,1070.31,4.826072
1754017971351,1078.13,16.499163
1754017971351,1085.94,13.491169
1754017971351,1093.75,1.898714
1754017971351,1101.56,0.785695
1754017971352,1109.38,0.422613
1754017971352,1117.19,0.40658
1754017971352,1125.0,0.510488
1754017971353,1132.81,8.96965
1754017971353,1140.63,18.32456
1754017971353,1148.44,9.618732
1754017971353,1156.25,0.458327
1754017971354,1164.06,0.213249
1754017971354,1171.88,0.25168
1754017971354,1179.69,0.22355
1754017971354,1187.5,0.881666
1754017971355,1195.31,7.443567
1754017971355,1203.13,10.026262
1754017971355,1210.94,2.900958
1754017971355,1218.75,0.50653
1754017971356,1226.56,0.254948
1754017971356,1234.38,0.292918
1754017971356,1242.19,0.190429
1754017971356,1250.0,4.401726
1754017971357,1257.81,16.29455
1754017971357,1265.63,14.432567
1754017971357,1273.44,2.782927
1754017971358,1281.25,0.139235
1754017971358,1289.06,0.151739
1754017971358,1296.88,0.08159
1754017971358,1304.69,0.216032
1754017971359,1312.5,2.131184
1754017971359,1320.31,4.818298
1754017971359,1328.13,2.754993
1754017971359,1335.94,0.973156
1754017971360,1343.75,0.703921
1754017971360,1351.56,0.37377
1754017971360,1359.38,0.176379
1754017971360,1367.19,1.37344
1754017971361,1375.0,11.520562
1754017971361,1382.81,16.552888
1754017971361,1390.63,6.005701
1754017971361,1398.44,0.508704
1754017971362,1406.25,0.817501
1754017971362,1414.06,0.192807
1754017971362,1421.88,0.395359
1754017971362,1429.69,0.503885
1754017971363,1437.5,0.470137
1754017971363,1445.31,0.517845
1754017971363,1453.13,0.962739
1754017971363,1460.94,1.136357
1754017971364,1468.75,0.689886
1754017971364,1476.56,0.132513
1754017971364,1484.38,0.306183
1754017971364,1492.19,5.805554
1754017971365,1500.0,14.623234
1754017971365,1507.81,9.272441
1754017971365,1515.63,0.906979
1754017971365,1523.44,0.466536
1754017971366,1531.25,0.286936
1754017971366,1539.06,0.357091
1754017971366,1546.88,0.438498
1754017971366,1554.69,2.109638
1754017971367,1562.5,3.677512
1754017971367,1570.31,1.771286
1754017971367,1578.13,0.518122
1754017971367,1585.94,0.080982
1754017971368,1593.75,0.215961
1754017971368,1601.56,0.230889
1754017971368,1609.38,2.026166
1754017971368,1617.19,10.015131
1754017971369,1625.0,10.219821
1754017971369,1632.81,2.258971
1754017971369,1640.63,0.321652
1754017971369,1648.44,0.087755
1754017971370,1656.25,0.298522
1754017971370,1664.06,0.553689
1754017971370,1671.88,2.018171
1754017971370,1679.69,5.841816
1754017971371,1687.5,3.984222
1754017971371,1695.31,0.828742
1754017971371,1703.13,0.632875
1754017971371,1710.94,0.447184
1754017971372,1718.75,0.051583
1754017971372,1726.56,0.588317
1754017971372,1734.38,5.207557
1754017971372,1742.19,8.849284
1754017971373,1750.0,4.258433
1754017971373,1757.81,0.892589
1754017971373,1765.63,0.585116
1754017971373,1773.44,0.3449
1754017971374,1781.25,0.223539
1754017971374,1789.06,1.013025
1754017971374,1796.88,5.821393
1754017971374,1804.69,6.701999
1754017971375,1812.5,2.061291
1754017971375,1820.31,0.147517
1754017971375,1828.13,0.272292
1754017971375,1835.94,0.456036
1754017971376,1843.75,0.081952
1754017971376,1851.56,1.791918
1754017971376,1859.38,5.583982
1754017971376,1867.19,4.324548
1754017971376,1875.0,0.979858
1754017971377,1882.81,0.536036
1754017971377,1890.63,0.269993
1754017971377,1898.44,0.216498
1754017971377,1906.25,0.394493
1754017971378,1914.06,3.545468
1754017971378,1921.88,7.524046
1754017971378,1929.69,4.080833
1754017971378,1937.5,0.556604
1754017971379,1945.31,0.186151
1754017971379,1953.13,0.308468
1754017971379,1960.94,0.333191
1754017971379,1968.75,0.781977
1754017971380,1976.56,2.907097
1754017971380,1984.38,3.506615
1754017971380,1992.19,1.202265
1754017971380,2000.0,0.274796
1754017971381,2007.81,0.246997
1754017971381,2015.63,0.052318
1754017971381,2023.44,0.052419
1754017971381,2031.25,2.350514
1754017971382,2039.06,7.328481
1754017971382,2046.88,5.987451
1754017971382,2054.69,1.272004
1754017971382,2062.5,0.438835
1754017971383,2070.31,0.032352
1754017971383,2078.13,0.270422
1754017971383,2085.94,0.418089
1754017971383,2093.75,0.975935
1754017971384,2101.56,1.188496
1754017971384,2109.38,0.572571
1754017971384,2117.19,0.402184
1754017971384,2125.0,0.448612
1754017971385,2132.81,0.289447
1754017971385,2140.63,0.383335
1754017971385,2148.44,0.488185
1754017971385,2156.25,4.615444
1754017971386,2164.06,6.182525
1754017971386,2171.88,2.339229
1754017971386,2179.69,0.566597
1754017971386,2187.5,0.40038
1754017971387,2195.31,0.327355
1754017971387,2203.13,0.28377
1754017971387,2210.94,0.176256
1754017971387,2218.75,1.025751
1754017971388,2226.56,1.263004
1754017971388,2234.38,0.746997
1754017971388,2242.19,0.442134
1754017971388,2250.0,0.382673
1754017971389,2257.81,0.320785
1754017971389,2265.63,0.091214
1754017971389,2273.44,2.653888
1754017971389,2281.25,5.622201
1754017971390,2289.06,3.494783
1754017971390,2296.88,0.806964
1754017971390,2304.69,0.349215
1754017971390,2312.5,0.27809
1754017971391,2320.31,0.116562
1754017971391,2328.13,0.388346
1754017971391,2335.94,1.870089
1754017971391,2343.75,2.344579
1754017971392,2351.56,0.985015
1754017971392,2359.38,0.449682
1754017971392,2367.19,0.465
1754017971392,2375.0,0.335901
1754017971393,2382.81,0.301072
1754017971393,2390.63,0.780917
1754017971393,2398.44,3.65518
1754017971393,2406.25,3.781594
1754017971394,2414.06,1.271307
1754017971394,2421.88,0.318038
1754017971394,2429.69,0.11235
1754017971394,2437.5,0.159074
1754017971395,2445.31,0.164314
1754017971395,2453.13,1.162054
1754017971395,2460.94,3.127113
1754017971395,2468.75,2.303845
1754017971396,2476.56,0.820171
1754017971396,2484.38,0.436587
1754017971396,2492.19,0.261736
1754017971396,2500.0,0.261852
1754017971397,2507.81,0.239619
1754017971397,2515.63,1.821102
1754017971397,2523.44,2.705939
1754017971397,2531.25,1.587637
1754017971398,2539.06,0.949762
1754017971398,2546.88,0.53312
1754017971398,2554.69,0.18445
1754017971398,2562.5,0.254342
1754017971399,2570.31,0.632682
1754017971399,2578.13,2.305831
1754017971399,2585.94,2.307368
1754017971399,2593.75,0.899957
1754017971400,2601.56,0.433683
1754017971400,2609.38,0.167914
1754017971400,2617.19,0.265503
1754017971401,2625.0,0.561641
1754017971401,2632.81,1.25524
1754017971401,2640.63,1.997848
1754017971401,2648.44,1.389757
1754017971402,2656.25,0.67922
1754017971402,2664.06,0.448662
1754017971402,2671.88,0.640085
1754017971402,2679.69,0.3854
1754017971403,2687.5,0.272528
1754017971403,2695.31,1.823954
1754017971403,2703.13,2.996536
1754017971403,2710.94,1.794192
1754017971404,2718.75,0.799014
1754017971404,2726.56,0.418741
1754017971404,2734.38,0.522608
1754017971404,2742.19,0.509085
1754017971405,2750.0,0.487843
1754017971405,2757.81,0.989119
1754017971405,2765.63,1.215608
1754017971406,2773.44,0.725331
1754017971406,2781.25,0.365746
1754017971406,2789.06,0.240433
1754017971407,2796.88,0.316645
1754017971407,2804.69,0.313461
1754017971407,2812.5,1.025681
1754017971407,2820.31,2.187283
1754017971408,2828.13,1.919432
1754017971408,2835.94,1.257478
1754017971408,2843.75,0.60342
1754017971408,2851.56,0.258547
1754017971409,2859.38,0.367268
1754017971409,2867.19,0.347733
1754017971409,2875.0,0.821407
1754017971409,2882.81,1.203537
1754017971410,2890.63,0.731396
1754017971410,2898.44,0.381799
1754017971410,2906.25,0.430354
1754017971410,2914.06,0.207416
1754017971411,2921.88,0.098691
1754017971411,2929.69,0.390048
1754017971411,2937.5,1.409966
1754017971411,2945.31,1.895634
1754017971411,2953.13,1.455673
1754017971412,2960.94,0.917221
1754017971412,2968.75,0.200966
1754017971412,2976.56,0.053548
1754017971412,2984.38,0.412435
1754017971413,2992.19,0.872105
1754017971413,3000.0,1.223342
1754017971413,3007.81,0.789084
1754017971413,3015.63,0.192672
1754017971414,3023.44,0.279967
1754017971414,3031.25,0.166661
1754017971414,3039.06,0.330476
1754017971414,3046.88,0.144996
1754017971415,3054.69,0.700735
1754017971415,3062.5,1.453551
1754017971415,3070.31,1.428661
1754017971415,3078.13,1.080062
1754017971416,3085.94,0.492345
1754017971416,3093.75,0.194507
1754017971416,3101.56,0.16036
1754017971417,3109.38,0.226034
1754017971417,3117.19,0.937735
1754017971417,3125.0,1.138531
1754017971417,3132.81,0.462702
1754017971418,3140.63,0.369676
1754017971418,3148.44,0.26537
1754017971418,3156.25,0.236338
1754017971418,3164.06,0.402798
1754017971419,3171.88,0.5078
1754017971419,3179.69,0.771806
1754017971419,3187.5,1.154799
1754017971419,3195.31,1.401248
1754017971420,3203.13,0.797417
1754017971420,3210.94,0.21594
1754017971420,3218.75,0.137953
1754017971421,3226.56,0.198576
1754017971421,3234.38,0.497416
1754017971421,3242.19,1.011956
1754017971421,3250.0,0.671615
1754017971422,3257.81,0.738921
1754017971422,3265.63,0.170914
1754017971422,3273.44,0.260263
1754017971423,3281.25,0.078189
1754017971423,3289.06,0.240559
1754017971423,3296.88,0.585143
1754017971423,3304.69,0.914256
1754017971424,3312.5,0.915397
1754017971424,3320.31,0.767047
1754017971424,3328.13,0.332266
1754017971424,3335.94,0.170603
1754017971425,3343.75,0.188986
1754017971425,3351.56,0.349262
1754017971425,3359.38,0.589723
1754017971425,3367.19,0.270033
1754017971426,3375.0,0.824518
1754017971426,3382.81,0.688722
1754017971426,3390.63,0.194467
1754017971426,3398.44,0.052673
1754017971427,3406.25,0.280897
1754017971427,3414.06,0.554228
1754017971427,3421.88,0.724484
1754017971427,3429.69,0.799731
1754017971428,3437.5,0.95126
1754017971428,3445.31,0.413342
1754017971428,3453.13,0.078696
1754017971429,3460.94,0.171385
1754017971429,3468.75,0.22722
1754017971429,3476.56,0.524965
1754017971429,3484.38,0.379006
1754017971430,3492.19,0.832922
1754017971430,3500.0,0.861419
1754017971430,3507.81,0.315205
1754017971430,3515.63,0.2094
1754017971431,3523.44,0.079254
1754017971431,3531.25,0.601406
1754017971431,3539.06,1.065215
1754017971431,3546.88,0.703192
1754017971432,3554.69,0.611496
1754017971432,3562.5,0.383751
1754017971432,3570.31,0.248758
1754017971432,3578.13,0.267416
1754017971433,3585.94,0.131999
1754017971433,3593.75,0.074409
1754017971433,3601.56,0.096104
1754017971434,3609.38,0.629607
1754017971434,3617.19,1.20878
1754017971434,3625.0,0.549172
1754017971434,3632.81,0.099239
1754017971435,3640.63,0.109425
1754017971435,3648.44,0.065533
1754017971435,3656.25,0.385478
1754017971435,3664.06,0.643229
1754017971436,3671.88,0.081754
1754017971436,3679.69,0.435375
1754017971436,3687.5,0.223993
1754017971436,3695.31,0.160528
1754017971437,3703.13,0.217377
1754017971437,3710.94,0.321094
1754017971437,3718.75,0.476065
1754017971437,3726.56,0.13569
1754017971438,3734.38,1.101497
1754017971438,3742.19,0.783361
1754017971438,3750.0,0.123889
1754017971439,3757.81,0.195087
1754017971439,3765.63,0.261344
1754017971439,3773.44,0.391615
1754017971439,3781.25,0.886203
1754017971440,3789.06,0.33967
1754017971440,3796.88,0.65753
1754017971440,3804.69,0.523295
1754017971440,3812.5,0.245129
1754017971441,3820.31,0.121392
1754017971441,3828.13,0.076109
1754017971441,3835.94,0.363468
1754017971441,3843.75,0.587423
1754017971442,3851.56,0.456383
1754017971442,3859.38,0.814945
1754017971442,3867.19,0.268425
1754017971443,3875.0,0.15033
1754017971443,3882.81,0.138402
1754017971443,3890.63,0.32126
1754017971444,3898.44,0.868669
1754017971444,3906.25,0.666439
1754017971444,3914.06,0.592101
1754017971444,3921.88,0.615912
1754017971445,3929.69,0.115983
1754017971445,3937.5,0.47138
1754017971445,3945.31,0.44074
1754017971446,3953.13,0.325914
1754017971446,3960.94,0.402304
1754017971446,3968.75,0.322698
1754017971446,3976.56,1.012245
1754017971447,3984.38,0.681774
1754017971447,3992.19,0.672952
1754017971817,7.81,5.421916
1754017971817,15.63,0.606365
1754017971817,23.44,1.574272
1754017971817,31.25,2.97455
1754017971818,39.06,8.362552
1754017971818,46.88,44.665412
1754017971818,54.69,379.019726
1754017971818,62.5,486.004176
1754017971819,70.31,144.614702
1754017971819,78.12,13.555912
1754017971819,85.94,4.067998
1754017971819,93.75,1.378386
1754017971820,101.56,0.941151
1754017971820,109.37,14.235436
1754017971820,117.19,55.248471
1754017971820,125.0,45.969785
1754017971821,132.81,6.652015
1754017971821,140.62,1.087764
1754017971821,148.44,0.666091
1754017971821,156.25,0.189472
1754017971822,164.06,1.69037
1754017971822,171.87,70.771302
1754017971822,179.69,154.844516
1754017971822,187.5,84.477264
1754017971823,195.31,1.72959
1754017971823,203.12,0.604107
1754017971823,210.94,0.45089
1754017971823,218.75,0.785853
1754017971824,226.56,4.363819
1754017971824,234.37,42.478393
1754017971824,242.19,58.70881
1754017971824,250.0,19.78186
1754017971825,257.81,0.955183
1754017971825,265.62,0.935264
1754017971825,273.44,0.828229
1754017971825,281.25,2.232097
1754017971826,289.06,16.860528
1754017971826,296.87,71.617794
1754017971826,304.69,65.05832
1754017971826,312.5,10.592651
1754017971827,320.31,2.010988
1754017971827,328.12,0.436458
1754017971827,335.94,0.373818
1754017971827,343.75,0.343819
1754017971828,351.56,24.520798
1754017971828,359.37,57.85843
1754017971828,367.19,34.557792
1754017971828,375.0,2.041818
1754017971829,382.81,0.122441
1754017971829,390.62,0.380247
1754017971829,398.44,0.384022
1754017971829,406.25,1.948184
1754017971830,414.06,29.002327
1754017971830,421.87,43.714631
1754017971830,429.69,15.530226
1754017971830,437.5,1.545449
1754017971831,445.31,0.335518
1754017971831,453.12,0.158224
1754017971831,460.94,1.258951
1754017971831,468.75,9.616796
1754017971831,476.56,45.307161
1754017971832,484.37,44.576862
1754017971832,492.19,8.948525
1754017971832,500.0,1.165939
1754017971832,507.81,0.520358
1754017971833,515.62,0.414722
1754017971833,523.44,0.607574
1754017971833,531.25,8.26187
1754017971833,539.06,21.80309
1754017971834,546.87,13.594529
1754017971834,554.69,0.350719
1754017971834,562.5,0.581736
1754017971834,570.31,0.310226
1754017971835,578.12,0.392254
1754017971835,585.94,1.512298
1754017971835,593.75,28.615543
1754017971835,601.56,46.506227
1754017971836,609.37,18.586386
1754017971836,617.19,1.123809
1754017971836,625.0,0.194821
1754017971836,632.81,0.41008
1754017971836,640.62,0.294992
1754017971837,648.44,0.804155
1754017971837,656.25,5.63407
1754017971837,664.06,5.971215
1754017971837,671.87,1.25474
1754017971838,679.69,0.777297
1754017971838,687.5,0.379775
1754017971838,695.31,0.456716
1754017971838,703.12,1.129822
1754017971839,710.94,13.169682
1754017971839,718.75,38.573561
1754017971839,726.56,26.651616
1754017971839,734.37,1.843668
1754017971840,742.19,0.579073
1754017971840,750.0,0.45596
1754017971840,757.81,0.167745
1754017971840,765.62,0.159326
1754017971840,773.44,2.727933
1754017971841,781.25,4.723955
1754017971841,789.06,2.452726
1754017971841,796.87,0.491924
1754017971841,804.69,0.318291
1754017971842,812.5,0.482448
1754017971842,820.31,0.480141
1754017971842,828.12,3.949822
1754017971842,835.94,25.347336
1754017971843,843.75,28.848699
1754017971843,851.56,7.012181
1754017971843,859.37,0.754321
1754017971843,867.19,0.820679
1754017971844,875.0,0.634951
1754017971844,882.81,0.189615
1754017971844,890.62,3.283431
1754017971844,898.44,10.990655
1754017971845,906.25,8.502461
1754017971845,914.06,1.510961
1754017971845,921.87,0.354232
1754017971845,929.69,0.409922
1754017971846,937.5,0.455625
1754017971846,945.31,0.505056
1754017971846,953.12,12.96849
1754017971846,960.94,24.528678
1754017971847,968.75,11.305899
1754017971847,976.56,0.809501
1754017971847,984.37,0.53852
1754017971847,992.19,0.43734
1754017971848,1000.0,0.53306
1754017971848,1007.81,1.631101
1754017971848,1015.62,11.889658
1754017971848,1023.44,14.613528
1754017971849,1031.25,4.102769
1754017971849,1039.06,0.513373
1754017971849,1046.88,0.268633
1754017971849,1054.69,0.188641
1754017971850,1062.5,0.337765
1754017971850,1070.31,4.7466
1754017971850,1078.13,16.142986
1754017971850,1085.94,12.913317
1754017971851,1093.75,1.48701
1754017971851,1101.56,0.490671
1754017971851,1109.38,0.083225
1754017971851,1117.19,0.309558
1754017971852,1125.0,0.326549
1754017971852,1132.81,8.668647
1754017971852,1140.63,17.806762
1754017971852,1148.44,9.37431
1754017971853,1156.25,0.300345
1754017971853,1164.06,0.150957
1754017971853,1171.88,0.355939
1754017971854,1179.69,0.383365
1754017971854,1187.5,0.72879
1754017971854,1195.31,7.685981
1754017971854,1203.13,10.184882
1754017971855,1210.94,2.835023
1754017971855,1218.75,0.546894
1754017971855,1226.56,0.340984
1754017971855,1234.38,0.594726
1754017971856,1242.19,0.295109
1754017971856,1250.0,4.718012
1754017971856,1257.81,16.771923
1754017971856,1265.63,14.281715
1754017971857,1273.44,2.079244
1754017971857,1281.25,0.742294
1754017971857,1289.06,0.308503
1754017971857,1296.88,0.237947
1754017971858,1304.69,0.149235
1754017971858,1312.5,2.182147
1754017971858,1320.31,4.838112
1754017971859,1328.13,2.630315
1754017971859,1335.94,0.384799
1754017971859,1343.75,0.247653
1754017971859,1351.56,0.310932
1754017971860,1359.38,0.192463
1754017971860,1367.19,1.148268
1754017971860,1375.0,11.201589
1754017971860,1382.81,16.130034
1754017971861,1390.63,5.650104
1754017971861,1398.44,0.178219
1754017971861,1406.25,0.73494
1754017971861,1414.06,0.436095
1754017971862,1421.88,0.238536
1754017971862,1429.69,0.456985
1754017971862,1437.5,0.392182
1754017971863,1445.31,0.247273
1754017971863,1453.13,0.576085
1754017971863,1460.94,0.473975
1754017971863,1468.75,0.180807
1754017971864,1476.56,0.123295
1754017971864,1484.38,0.537397
1754017971864,1492.19,5.961974
1754017971865,1500.0,14.82083
1754017971865,1507.81,9.185968
1754017971865,1515.63,0.32236
1754017971865,1523.44,0.22992
1754017971866,1531.25,0.290898
1754017971866,1539.06,0.191574
1754017971866,1546.88,0.192919
1754017971866,1554.69,2.308284
1754017971867,1562.5,3.518557
1754017971867,1570.31,1.604992
1754017971867,1578.13,0.360427
1754017971867,1585.94,0.48852
1754017971868,1593.75,0.304511
1754017971868,1601.56,0.480272
1754017971868,1609.38,1.789258
1754017971868,1617.19,9.805345
1754017971869,1625.0,10.033852
1754017971869,1632.81,1.795991
1754017971869,1640.63,0.836454
1754017971869,1648.44,0.091626
1754017971870,1656.25,0.453673
1754017971870,1664.06,0.398433
1754017971870,1671.88,2.296417
1754017971870,1679.69,5.891986
1754017971871,1687.5,4.12924
1754017971871,1695.31,0.857956
1754017971871,1703.13,0.437099
1754017971871,1710.94,0.128063
1754017971872,1718.75,0.20398
1754017971872,1726.56,0.140758
1754017971872,1734.38,5.124069
1754017971872,1742.19,8.905942
1754017971873,1750.0,3.644686
1754017971873,1757.81,0.396215
1754017971873,1765.63,0.133485
1754017971873,1773.44,0.148418
1754017971874,1781.25,0.43126
1754017971874,1789.06,0.90052
1754017971874,1796.88,6.010693
1754017971874,1804.69,6.89775
1754017971875,1812.5,1.983892
1754017971875,1820.31,0.122851
1754017971875,1828.13,0.270298
1754017971875,1835.94,0.16539
1754017971876,1843.75,0.066328
1754017971876,1851.56,1.849972
1754017971876,1859.38,5.324157
1754017971876,1867.19,3.479714
1754017971877,1875.0,0.638955
1754017971877,1882.81,0.673372
1754017971877,1890.63,0.195715
1754017971877,1898.44,0.10912
1754017971878,1906.25,0.322412
1754017971878,1914.06,4.199172
1754017971878,1921.88,7.833868
1754017971878,1929.69,3.693379
1754017971879,1937.5,0.193724
1754017971879,1945.31,0.179396
1754017971879,1953.13,0.125749
1754017971879,1960.94,0.046724
1754017971880,1968.75,0.591663
1754017971880,1976.56,2.736149
1754017971880,1984.38,3.28894
1754017971880,1992.19,1.10871
1754017971881,2000.0,0.333865
1754017971881,2007.81,0.047719
1754017971881,2015.63,0.266118
1754017971881,2023.44,0.140409
1754017971882,2031.25,2.116588
1754017971882,2039.06,7.160098
1754017971882,2046.88,5.773187
1754017971882,2054.69,1.214446
1754017971883,2062.5,0.556557
1754017971883,2070.31,0.268902
1754017971883,2078.13,0.22009
1754017971883,2085.94,0.118236
1754017971884,2093.75,0.435546
1754017971884,2101.56,0.920879
1754017971884,2109.38,0.55008
1754017971884,2117.19,0.688167
1754017971885,2125.0,0.237848
1754017971885,2132.81,0.263044
1754017971885,2140.63,0.537352
1754017971885,2148.44,0.621743
1754017971886,2156.25,4.57247
1754017971886,2164.06,6.215921
1754017971886,2171.88,2.1325
1754017971886,2179.69,0.903238
1754017971887,2187.5,0.56265
1754017971887,2195.31,0.30064
1754017971887,2203.13,0.238684
1754017971887,2210.94,0.676721
1754017971888,2218.75,1.586352
1754017971888,2226.56,1.65962
1754017971888,2234.38,0.706465
1754017971888,2242.19,0.561949
1754017971889,2250.0,0.365686
1754017971889,2257.81,0.335358
1754017971889,2265.63,0.443496
1754017971889,2273.44,2.391028
1754017971890,2281.25,5.438298
1754017971890,2289.06,2.967122
1754017971890,2296.88,1.121414
1754017971890,2304.69,0.49897
1754017971891,2312.5,0.300176
1754017971891,2320.31,0.160023
1754017971891,2328.13,0.264394
1754017971891,2335.94,1.327176
1754017971892,2343.75,1.965699
1754017971892,2351.56,0.871614
1754017971892,2359.38,0.690872
1754017971892,2367.19,0.432428
1754017971893,2375.0,0.027449
1754017971893,2382.81,0.150525
1754017971893,2390.63,1.023227
1754017971893,2398.44,3.745498
1754017971894,2406.25,3.302219
1754017971894,2414.06,0.914416
1754017971894,2421.88,0.405989
1754017971894,2429.69,0.114458
1754017971894,2437.5,0.426647
1754017971895,2445.31,0.723857
1754017971895,2453.13,0.862029
1754017971895,2460.94,2.867375
1754017971895,2468.75,1.924182
1754017971896,2476.56,0.362039
1754017971896,2484.38,0.12433
1754017971896,2492.19,0.274957
1754017971896,2500.0,0.338096
1754017971897,2507.81,0.18332
1754017971897,2515.63,1.75484
1754017971897,2523.44,2.650055
1754017971897,2531.25,1.37393
1754017971898,2539.06,0.849386
1754017971898,2546.88,0.25177
1754017971898,2554.69,0.181433
1754017971898,2562.5,0.292127
1754017971899,2570.31,0.507837
1754017971899,2578.13,2.762547
1754017971899,2585.94,2.51208
1754017971899,2593.75,0.736642
1754017971900,2601.56,0.774105
1754017971900,2609.38,0.346913
1754017971900,2617.19,0.503581
1754017971900,2625.0,0.588313
1754017971901,2632.81,0.867501
1754017971901,2640.63,1.694796
1754017971901,2648.44,1.263643
1754017971901,2656.25,0.542406
1754017971902,2664.06,0.262256
1754017971902,2671.88,0.417212
1754017971902,2679.69,0.582593
1754017971902,2687.5,0.550684
1754017971903,2695.31,1.596822
1754017971903,2703.13,2.568844
1754017971903,2710.94,1.162361
1754017971903,2718.75,0.631064
1754017971903,2726.56,0.264534
1754017971904,2734.38,0.014002
1754017971904,2742.19,0.218132
1754017971904,2750.0,0.607878
1754017971904,2757.81,1.363888
1754017971905,2765.63,1.560446
1754017971905,2773.44,0.93156
1754017971905,2781.25,0.404417
1754017971905,2789.06,0.155417
1754017971906,2796.88,0.131793
1754017971906,2804.69,0.116529
1754017971906,2812.5,0.995958
1754017971906,2820.31,2.503519
1754017971907,2828.13,1.946286
1754017971907,2835.94,1.370797
1754017971907,2843.75,0.582525
1754017971907,2851.56,0.213044
1754017971908,2859.38,0.178537
1754017971908,2867.19,0.453737
1754017971908,2875.0,0.818346
1754017971909,2882.81,0.974783
1754017971909,2890.63,0.601789
1754017971909,2898.44,0.252674
1754017971909,2906.25,0.078156
1754017971910,2914.06,0.074759
1754017971910,2921.88,0.302974
1754017971910,2929.69,0.240237
1754017971910,2937.5,1.000599
1754017971911,2945.31,1.542966
1754017971911,2953.13,1.297749
1754017971911,2960.94,1.128364
1754017971911,2968.75,0.169281
1754017971912,2976.56,0.074115
1754017971912,2984.38,0.352916
1754017971912,2992.19,0.576825
1754017971912,3000.0,1.600649
1754017971913,3007.81,1.333965
1754017971913,3015.63,0.219506
1754017971913,3023.44,0.332411
1754017971913,3031.25,0.311051
1754017971914,3039.06,0.274936
1754017971914,3046.88,0.413887
1754017971914,3054.69,1.050294
1754017971915,3062.5,1.589351
1754017971915,3070.31,1.303193
1754017971915,3078.13,1.261999
1754017971915,3085.94,0.400763
1754017971916,3093.75,0.39247
1754017971916,3101.56,0.27392
1754017971916,3109.38,0.245822
1754017971916,3117.19,0.774017
1754017971917,3125.0,0.951499
1754017971917,3132.81,0.399897
1754017971917,3140.63,0.700449
1754017971917,3148.44,0.323066
1754017971918,3156.25,0.088614
1754017971918,3164.06,0.063218
1754017971918,3171.88,0.491125
1754017971918,3179.69,1.051964
1754017971919,3187.5,1.297702
1754017971919,3195.31,1.215603
1754017971919,3203.13,0.463374
1754017971919,3210.94,0.075226
1754017971920,3218.75,0.301674
1754017971920,3226.56,0.316071
1754017971920,3234.38,0.441383
1754017971921,3242.19,0.87396
1754017971921,3250.0,0.657522
1754017971921,3257.81,0.820925
1754017971921,3265.63,0.299368
1754017971922,3273.44,0.333633
1754017971922,3281.25,0.325888
1754017971922,3289.06,0.151405
1754017971922,3296.88,0.253602
1754017971923,3304.69,0.746383
1754017971923,3312.5,1.078897
1754017971923,3320.31,0.816878
1754017971923,3328.13,0.25258
1754017971924,3335.94,0.134514
1754017971924,3343.75,0.247157
1754017971924,3351.56,0.344783
1754017971925,3359.38,0.713931
1754017971925,3367.19,0.420005
1754017971925,3375.0,0.868928
1754017971925,3382.81,0.429349
1754017971926,3390.63,0.339399
1754017971926,3398.44,0.252608
1754017971926,3406.25,0.133066
1754017971927,3414.06,0.67503
1754017971927,3421.88,1.138343
1754017971927,3429.69,0.929504
1754017971927,3437.5,0.66206
1754017971928,3445.31,0.232114
1754017971928,3453.13,0.113777
1754017971928,3460.94,0.054319
1754017971928,3468.75,0.286404
1754017971929,3476.56,0.381929
1754017971929,3484.38,0.436159
1754017971929,3492.19,1.009536
1754017971929,3500.0,1.360963
1754017971930,3507.81,0.346109
1754017971930,3515.63,0.339891
1754017971930,3523.44,0.382054
1754017971931,3531.25,0.482611
1754017971931,3539.06,0.896798
1754017971931,3546.88,0.904424
1754017971931,3554.69,0.492194
1754017971932,3562.5,0.244264
1754017971932,3570.31,0.480933
1754017971932,3578.13,0.282813
1754017971932,3585.94,0.150898
1754017971933,3593.75,0.145314
1754017971933,3601.56,0.213763
1754017971933,3609.38,0.505697
1754017971934,3617.19,1.173109
1754017971934,3625.0,0.688189
1754017971934,3632.81,0.508494
1754017971935,3640.63,0.401118
1754017971935,3648.44,0.410358
1754017971935,3656.25,0.703842
1754017971935,3664.06,0.97181
1754017971936,3671.88,0.546062
1754017971936,3679.69,0.499513
1754017971936,3687.5,0.138825
1754017971936,3695.31,0.214492
1754017971937,3703.13,0.277458
1754017971937,3710.94,0.291573
1754017971937,3718.75,0.65863
1754017971937,3726.56,0.783553
1754017971938,3734.38,1.043226
1754017971938,3742.19,0.679967
1754017971938,3750.0,0.145567
1754017971939,3757.81,0.073276
1754017971939,3765.63,0.257072
1754017971939,3773.44,0.162732
1754017971939,3781.25,0.77612
1754017971940,3789.06,0.74507
1754017971940,3796.88,0.640325
1754017971940,3804.69,0.525826
1754017971940,3812.5,0.306957
1754017971941,3820.31,0.197631
1754017971941,3828.13,0.300727
1754017971941,3835.94,0.250212
1754017971941,3843.75,0.649842
1754017971942,3851.56,1.109798
1754017971942,3859.38,0.997125
1754017971942,3867.19,0.289657
1754017971942,3875.0,0.08761
1754017971943,3882.81,0.183944
1754017971943,3890.63,0.116448
1754017971943,3898.44,0.583571
1754017971943,3906.25,0.591774
1754017971944,3914.06,0.655668
1754017971944,3921.88,0.58623
1754017971944,3929.69,0.12842
1754017971944,3937.5,0.093263
1754017971945,3945.31,0.250247
1754017971945,3953.13,0.109496
1754017971945,3960.94,0.754851
1754017971946,3968.75,0.739505
1754017971946,3976.56,0.981564
1754017971946,3984.38,0.667217
1754017971946,3992.19,0.07039
1754017972317,7.81,2.601955
1754017972317,15.63,0.843133
1754017972317,23.44,1.493552
1754017972317,31.25,2.822456
1754017972318,39.06,8.494298
1754017972318,46.88,44.176273
1754017972318,54.69,378.498333
1754017972318,62.5,485.526082
1754017972319,70.31,144.103199
1754017972319,78.12,14.034035
1754017972319,85.94,3.769036
1754017972319,93.75,1.464855
1754017972320,101.56,1.045957
1754017972320,109.37,14.340218
1754017972320,117.19,55.36976
1754017972321,125.0,46.36029
1754017972321,132.81,6.692082
1754017972321,140.62,1.541023
1754017972321,148.44,0.081447
1754017972322,156.25,0.356865
1754017972322,164.06,1.750379
1754017972322,171.87,70.757595
1754017972322,179.69,155.32864
1754017972323,187.5,84.981906
1754017972323,195.31,2.034782
1754017972323,203.12,0.615031
1754017972323,210.94,0.553583
1754017972324,218.75,0.731288
1754017972324,226.56,3.977844
1754017972324,234.37,42.230751
1754017972325,242.19,58.932263
1754017972325,250.0,19.84499
1754017972325,257.81,1.270061
1754017972326,265.62,0.409827
1754017972326,273.44,0.713487
1754017972326,281.25,2.598443
1754017972326,289.06,16.187921
1754017972327,296.87,71.210995
1754017972327,304.69,65.141755
1754017972327,312.5,10.88173
1754017972327,320.31,1.778769
1754017972328,328.12,0.652909
1754017972328,335.94,0.568933
1754017972328,343.75,1.52172
1754017972328,351.56,23.490753
1754017972329,359.37,57.525226
1754017972329,367.19,34.530262
1754017972329,375.0,1.929431
1754017972329,382.81,0.289716
1754017972330,390.62,0.526831
1754017972330,398.44,0.188328
1754017972330,406.25,2.335619
1754017972330,414.06,29.178833
1754017972331,421.87,43.528493
1754017972331,429.69,15.598086
1754017972331,437.5,1.115575
1754017972331,445.31,0.72147
1754017972332,453.12,0.35016
1754017972332,460.94,1.365594
1754017972332,468.75,9.107818
1754017972332,476.56,44.915512
1754017972333,484.37,44.36507
1754017972333,492.19,8.961268
1754017972333,500.0,0.779363
1754017972333,507.81,0.722811
1754017972334,515.62,0.539138
1754017972334,523.44,0.823297
1754017972334,531.25,8.335767
1754017972334,539.06,21.650466
1754017972334,546.87,13.769222
1754017972335,554.69,0.633794
1754017972335,562.5,0.434681
1754017972335,570.31,0.380173
1754017972335,578.12,0.621575
1754017972336,585.94,1.190516
1754017972336,593.75,28.227405
1754017972336,601.56,46.359342
1754017972336,609.37,18.703086
1754017972337,617.19,0.713298
1754017972337,625.0,0.507168
1754017972337,632.81,0.352642
1754017972337,640.62,0.138844
1754017972338,648.44,0.708801
1754017972338,656.25,5.41607
1754017972338,664.06,6.052313
1754017972338,671.87,1.371522
1754017972339,679.69,0.215469
1754017972339,687.5,0.311441
1754017972339,695.31,0.62553
1754017972339,703.12,0.978201
1754017972340,710.94,12.906724
1754017972340,718.75,38.41334
1754017972340,726.56,27.147717
1754017972340,734.37,2.767131
1754017972341,742.19,0.644207
1754017972341,750.0,0.327519
1754017972341,757.81,0.319813
1754017972341,765.62,0.561012
1754017972342,773.44,2.080982
1754017972342,781.25,4.610822
1754017972342,789.06,2.689393
1754017972343,796.87,1.01124
1754017972343,804.69,0.768676
1754017972343,812.5,0.63229
1754017972343,820.31,0.612139
1754017972344,828.12,3.935991
1754017972344,835.94,25.666719
1754017972344,843.75,29.387514
1754017972344,851.56,7.504307
1754017972344,859.37,0.757459
1754017972345,867.19,0.503096
1754017972345,875.0,0.116275
1754017972345,882.81,0.617976
1754017972345,890.62,3.125961
1754017972346,898.44,11.047795
1754017972346,906.25,8.568279
1754017972346,914.06,1.306762
1754017972346,921.87,0.098264
1754017972347,929.69,0.054254
1754017972347,937.5,0.104449
1754017972347,945.31,0.262893
1754017972347,953.12,12.740864
1754017972348,960.94,24.58816
1754017972348,968.75,11.696631
1754017972348,976.56,0.418967
1754017972348,984.37,0.181788
1754017972348,992.19,0.337499
1754017972349,1000.0,0.216998
1754017972349,1007.81,1.376119
1754017972349,1015.62,11.821895
1754017972349,1023.44,15.305483
1754017972350,1031.25,5.112669
1754017972350,1039.06,0.609584
1754017972350,1046.88,0.184712
1754017972350,1054.69,0.102417
1754017972351,1062.5,0.672678
1754017972351,1070.31,4.682591
1754017972351,1078.13,15.902171
1754017972351,1085.94,12.606487
1754017972352,1093.75,1.329706
1754017972352,1101.56,0.461314
1754017972352,1109.38,0.303147
1754017972352,1117.19,0.272072
1754017972353,1125.0,0.301547
1754017972353,1132.81,8.303064
1754017972353,1140.63,17.636775
1754017972353,1148.44,9.536815
1754017972354,1156.25,0.495482
1754017972354,1164.06,0.304947
1754017972354,1171.88,0.526406
1754017972354,1179.69,0.682401
1754017972355,1187.5,0.419658
1754017972355,1195.31,7.096946
1754017972355,1203.13,9.883966
1754017972355,1210.94,2.882109
1754017972356,1218.75,0.500593
1754017972356,1226.56,0.660573
1754017972356,1234.38,0.884383
1754017972356,1242.19,0.811896
1754017972357,1250.0,3.5504
1754017972357,1257.81,16.031435
1754017972357,1265.63,14.415594
1754017972357,1273.44,2.448543
1754017972358,1281.25,0.620411
1754017972358,1289.06,0.169074
1754017972358,1296.88,0.255935
1754017972358,1304.69,0.645669
1754017972359,1312.5,2.530236
1754017972359,1320.31,4.949861
1754017972359,1328.13,2.622902
1754017972359,1335.94,0.687408
1754017972360,1343.75,0.787854
1754017972360,1351.56,0.514912
1754017972360,1359.38,0.275793
1754017972360,1367.19,0.584735
1754017972361,1375.0,10.588414
1754017972361,1382.81,15.810681
1754017972361,1390.63,5.646568
1754017972361,1398.44,0.464323
1754017972362,1406.25,0.129925
1754017972362,1414.06,0.251565
1754017972362,1421.88,0.437155
1754017972362,1429.69,0.772353
1754017972363,1437.5,0.574181
1754017972363,1445.31,0.657313
1754017972363,1453.13,0.908161
1754017972363,1460.94,0.532731
1754017972364,1468.75,0.229252
1754017972364,1476.56,0.268372
1754017972364,1484.38,0.664461
1754017972364,1492.19,6.133227
1754017972365,1500.0,14.378952
1754017972365,1507.81,8.694392
1754017972365,1515.63,0.319226
1754017972365,1523.44,0.256652
1754017972366,1531.25,0.209844
1754017972366,1539.06,0.363812
1754017972366,1546.88,0.26189
1754017972366,1554.69,2.04539
1754017972367,1562.5,3.394166
1754017972367,1570.31,1.61588
1754017972367,1578.13,0.268367
1754017972367,1585.94,0.23737
1754017972368,1593.75,0.254369
1754017972368,1601.56,0.580308
1754017972368,1609.38,1.372561
1754017972369,1617.19,9.700059
1754017972369,1625.0,10.348565
1754017972369,1632.81,2.318721
1754017972369,1640.63,0.321611
1754017972370,1648.44,0.554583
1754017972370,1656.25,0.60167
1754017972370,1664.06,0.608654
1754017972370,1671.88,1.778797
1754017972371,1679.69,5.70067
1754017972371,1687.5,4.224188
1754017972371,1695.31,0.782403
1754017972371,1703.13,0.453411
1754017972372,1710.94,0.283541
1754017972372,1718.75,0.368787
1754017972372,1726.56,0.181222
1754017972373,1734.38,5.175541
1754017972373,1742.19,8.642359
1754017972373,1750.0,3.320757
1754017972373,1757.81,0.57291
1754017972374,1765.63,0.440328
1754017972374,1773.44,0.538365
1754017972374,1781.25,0.25189
1754017972374,1789.06,1.060416
1754017972375,1796.88,6.009048
1754017972375,1804.69,6.739776
1754017972375,1812.5,2.145164
1754017972375,1820.31,0.707494
1754017972376,1828.13,0.203557
1754017972376,1835.94,0.295388
1754017972376,1843.75,0.229219
1754017972376,1851.56,2.237746
1754017972377,1859.38,6.20157
1754017972377,1867.19,4.280184
1754017972377,1875.0,0.196452
1754017972378,1882.81,0.217201
1754017972378,1890.63,0.221226
1754017972378,1898.44,0.254772
1754017972378,1906.25,0.1115
1754017972379,1914.06,4.639869
1754017972379,1921.88,8.539731
1754017972379,1929.69,4.229109
1754017972379,1937.5,0.282441
1754017972380,1945.31,0.218087
1754017972380,1953.13,0.043359
1754017972380,1960.94,0.297716
1754017972380,1968.75,0.262225
1754017972381,1976.56,2.171004
1754017972381,1984.38,2.663174
1754017972381,1992.19,0.146365
1754017972381,2000.0,0.945207
1754017972382,2007.81,0.402318
1754017972382,2015.63,0.101448
1754017972382,2023.44,0.391532
1754017972383,2031.25,2.00022
1754017972383,2039.06,7.072179
1754017972383,2046.88,5.515733
1754017972383,2054.69,0.466001
1754017972384,2062.5,0.488218
1754017972384,2070.31,0.184104
1754017972384,2078.13,0.121703
1754017972384,2085.94,0.35209
1754017972385,2093.75,0.851156
1754017972385,2101.56,1.336637
1754017972385,2109.38,0.710899
1754017972386,2117.19,0.490741
1754017972386,2125.0,0.214664
1754017972386,2132.81,0.337083
1754017972386,2140.63,0.068023
1754017972387,2148.44,0.778114
1754017972387,2156.25,4.838852
1754017972387,2164.06,6.227866
1754017972388,2171.88,1.733106
1754017972388,2179.69,0.871982
1754017972388,2187.5,0.096306
1754017972388,2195.31,0.358989
1754017972389,2203.13,0.17262
1754017972389,2210.94,0.222044
1754017972389,2218.75,1.087275
1754017972390,2226.56,1.259745
1754017972390,2234.38,0.6788
1754017972390,2242.19,0.361439
1754017972390,2250.0,0.441483
1754017972391,2257.81,0.328782
1754017972391,2265.63,0.460051
1754017972391,2273.44,2.091465
1754017972391,2281.25,5.037659
1754017972392,2289.06,2.563214
1754017972392,2296.88,0.708503
1754017972392,2304.69,0.551568
1754017972393,2312.5,0.324277
1754017972393,2320.31,0.211921
1754017972393,2328.13,0.425662
1754017972393,2335.94,1.082086
1754017972394,2343.75,2.09592
1754017972394,2351.56,0.727633
1754017972394,2359.38,0.618404
1754017972395,2367.19,0.76049
1754017972395,2375.0,0.272644
1754017972395,2382.81,0.14919
1754017972395,2390.63,0.886413
1754017972396,2398.44,3.664819
1754017972396,2406.25,3.32193
1754017972396,2414.06,0.852688
1754017972396,2421.88,0.658662
1754017972397,2429.69,0.387258
1754017972397,2437.5,0.137804
1754017972397,2445.31,0.31462
1754017972398,2453.13,0.803979
1754017972398,2460.94,2.505346
1754017972398,2468.75,1.633084
1754017972398,2476.56,0.45657
1754017972399,2484.38,0.301397
1754017972399,2492.19,0.444287
1754017972399,2500.0,0.347366
1754017972400,2507.81,0.514891
1754017972400,2515.63,1.867622
1754017972400,2523.44,2.690871
1754017972400,2531.25,1.224869
1754017972401,2539.06,0.898511
1754017972401,2546.88,0.212107
1754017972401,2554.69,0.086361
1754017972402,2562.5,0.376839
1754017972402,2570.31,0.40147
1754017972402,2578.13,2.628639
1754017972402,2585.94,2.542884
1754017972403,2593.75,0.850659
1754017972403,2601.56,0.766956
1754017972403,2609.38,0.391429
1754017972404,2617.19,0.3094
1754017972404,2625.0,0.39404
1754017972404,2632.81,0.878273
1754017972404,2640.63,1.991708
1754017972405,2648.44,1.143883
1754017972405,2656.25,0.360447
1754017972405,2664.06,0.473434
1754017972405,2671.88,0.261757
1754017972406,2679.69,0.127796
1754017972406,2687.5,0.144281
1754017972406,2695.31,1.824366
1754017972407,2703.13,2.887373
1754017972407,2710.94,0.934129
1754017972407,2718.75,1.038411
1754017972407,2726.56,0.637462
1754017972408,2734.38,0.263501
1754017972408,2742.19,0.224405
1754017972408,2750.0,0.168522
1754017972409,2757.81,0.771282
1754017972409,2765.63,0.964292
1754017972409,2773.44,0.428422
1754017972409,2781.25,0.198176
1754017972410,2789.06,0.279419
1754017972410,2796.88,0.158378
1754017972410,2804.69,0.305049
1754017972410,2812.5,0.677942
1754017972411,2820.31,2.373961
1754017972411,2828.13,1.33648
1754017972411,2835.94,0.899194
1754017972412,2843.75,0.519882
1754017972412,2851.56,0.309457
1754017972412,2859.38,0.372986
1754017972412,2867.19,0.158535
1754017972413,2875.0,0.953969
1754017972413,2882.81,1.556944
1754017972413,2890.63,0.779323
1754017972413,2898.44,0.076791
1754017972414,2906.25,0.279853
1754017972414,2914.06,0.322088
1754017972414,2921.88,0.314506
1754017972415,2929.69,0.206683
1754017972415,2937.5,1.518908
1754017972415,2945.31,1.529329
1754017972415,2953.13,1.040227
1754017972416,2960.94,1.018621
1754017972416,2968.75,0.105957
1754017972416,2976.56,0.267597
1754017972416,2984.38,0.269662
1754017972417,2992.19,0.107447
1754017972417,3000.0,0.852435
1754017972417,3007.81,0.893429
1754017972418,3015.63,0.338892
1754017972418,3023.44,0.241652
1754017972418,3031.25,0.23061
1754017972418,3039.06,0.497066
1754017972419,3046.88,0.422069
1754017972419,3054.69,0.421013
1754017972419,3062.5,1.274535
1754017972420,3070.31,0.957301
1754017972420,3078.13,1.124464
1754017972420,3085.94,0.460782
1754017972420,3093.75,0.039189
1754017972421,3101.56,0.136421
1754017972421,3109.38,0.062891
1754017972421,3117.19,1.177607
1754017972422,3125.0,1.433222
1754017972422,3132.81,0.236957
1754017972422,3140.63,0.429224
1754017972422,3148.44,0.254494
1754017972423,3156.25,0.111524
1754017972423,3164.06,0.182756
1754017972423,3171.88,0.197358
1754017972424,3179.69,0.855604
1754017972424,3187.5,1.028605
1754017972424,3195.31,1.287413
1754017972424,3203.13,0.658145
1754017972425,3210.94,0.10385
1754017972425,3218.75,0.117428
1754017972425,3226.56,0.431639
1754017972425,3234.38,0.437172
1754017972426,3242.19,0.871024
1754017972426,3250.0,0.158447
1754017972426,3257.81,0.797433
1754017972426,3265.63,0.570986
1754017972427,3273.44,0.337809
1754017972427,3281.25,0.229209
1754017972427,3289.06,0.209826
1754017972427,3296.88,0.429019
1754017972428,3304.69,1.018318
1754017972428,3312.5,1.31944
1754017972428,3320.31,0.894731
1754017972429,3328.13,0.094933
1754017972429,3335.94,0.188308
1754017972429,3343.75,0.161982
1754017972429,3351.56,0.110389
1754017972430,3359.38,0.581306
1754017972430,3367.19,0.050289
1754017972430,3375.0,1.161729
1754017972430,3382.81,0.645248
1754017972431,3390.63,0.198894
1754017972431,3398.44,0.317405
1754017972431,3406.25,0.364021
1754017972432,3414.06,0.378399
1754017972432,3421.88,0.871357
1754017972432,3429.69,0.975222
1754017972432,3437.5,0.786151
1754017972433,3445.31,0.259716
1754017972433,3453.13,0.237044
1754017972433,3460.94,0.22826
1754017972433,3468.75,0.340587
1754017972434,3476.56,0.438756
1754017972434,3484.38,0.267025
1754017972434,3492.19,0.763636
1754017972435,3500.0,0.909548
1754017972435,3507.81,0.441423
1754017972435,3515.63,0.355452
1754017972435,3523.44,0.557952
1754017972436,3531.25,0.561201
1754017972436,3539.06,0.605698
1754017972436,3546.88,0.916497
1754017972436,3554.69,0.512571
1754017972437,3562.5,0.238403
1754017972437,3570.31,0.159288
1754017972437,3578.13,0.194581
1754017972437,3585.94,0.033821
1754017972438,3593.75,0.022296
1754017972438,3601.56,0.445921
1754017972438,3609.38,1.153723
1754017972439,3617.19,1.408965
1754017972439,3625.0,0.676472
1754017972439,3632.81,0.188046
1754017972439,3640.63,0.079676
1754017972440,3648.44,0.050788
1754017972440,3656.25,0.459818
1754017972440,3664.06,0.838154
1754017972441,3671.88,0.609672
1754017972441,3679.69,0.28073
1754017972441,3687.5,0.136348
1754017972441,3695.31,0.098235
1754017972442,3703.13,0.156497
1754017972442,3710.94,0.181078
1754017972442,3718.75,0.337364
1754017972442,3726.56,0.447267
1754017972443,3734.38,1.15562
1754017972443,3742.19,1.010914
1754017972443,3750.0,0.375602
1754017972444,3757.81,0.024923
1754017972444,3765.63,0.121823
1754017972444,3773.44,0.473685
1754017972444,3781.25,0.933656
1754017972445,3789.06,0.694567
1754017972445,3796.88,0.754921
1754017972445,3804.69,0.286441
1754017972445,3812.5,0.181148
1754017972446,3820.31,0.103871
1754017972446,3828.13,0.372552
1754017972446,3835.94,0.363138
1754017972447,3843.75,0.672991
1754017972447,3851.56,1.10932
1754017972447,3859.38,1.11344
1754017972447,3867.19,0.365089
1754017972448,3875.0,0.182556
1754017972448,3882.81,0.135105
1754017972448,3890.63,0.185464
1754017972449,3898.44,0.974413
1754017972449,3906.25,1.035251
1754017972449,3914.06,0.466364
1754017972449,3921.88,0.446998
1754017972450,3929.69,0.245303
1754017972450,3937.5,0.092231
1754017972450,3945.31,0.030791
1754017972451,3953.13,0.311469
1754017972451,3960.94,0.738905
1754017972451,3968.75,0.936533
1754017972451,3976.56,0.902304
1754017972452,3984.38,0.358038
1754017972452,3992.19,0.016012
1754017972817,7.81,0.618722
1754017972817,15.63,0.83386
1754017972817,23.44,1.106828
1754017972818,31.25,2.961829
1754017972818,39.06,8.253619
1754017972818,46.88,44.548424
1754017972818,54.69,378.627232
1754017972819,62.5,485.58213
1754017972819,70.31,144.744598
1754017972819,78.12,13.012311
1754017972819,85.94,4.356368
1754017972820,93.75,1.863521
1754017972820,101.56,1.06473
1754017972820,109.37,14.807824
1754017972820,117.19,56.03174
1754017972821,125.0,46.85341
1754017972821,132.81,7.10037
1754017972821,140.62,0.68985
1754017972821,148.44,0.704329
1754017972822,156.25,0.286029
1754017972822,164.06,1.831002
1754017972822,171.87,70.707189
1754017972822,179.69,154.960084
1754017972823,187.5,84.139503
1754017972823,195.31,1.496102
1754017972823,203.12,0.807563
1754017972824,210.94,0.622023
1754017972824,218.75,0.968658
1754017972824,226.56,3.83414
1754017972824,234.37,42.211486
1754017972825,242.19,58.648531
1754017972825,250.0,19.371397
1754017972825,257.81,1.565196
1754017972825,265.62,0.436675
1754017972826,273.44,0.465652
1754017972826,281.25,2.572115
1754017972826,289.06,16.590485
1754017972826,296.87,71.395656
1754017972827,304.69,65.288779
1754017972827,312.5,11.374857
1754017972827,320.31,1.67711
1754017972827,328.12,0.21576
1754017972828,335.94,0.575221
1754017972828,343.75,1.307865
1754017972828,351.56,23.972519
1754017972828,359.37,58.069452
1754017972829,367.19,34.849791
1754017972829,375.0,1.910242
1754017972829,382.81,0.381335
1754017972829,390.62,0.207298
1754017972830,398.44,0.58675
1754017972830,406.25,1.999087
1754017972830,414.06,28.908626
1754017972830,421.87,43.274792
1754017972831,429.69,15.407222
1754017972831,437.5,1.176094
1754017972831,445.31,0.503907
1754017972831,453.12,0.341426
1754017972832,460.94,1.262695
1754017972832,468.75,9.614163
1754017972832,476.56,45.506677
1754017972832,484.37,44.632
1754017972832,492.19,8.85182
1754017972833,500.0,1.00866
1754017972833,507.81,0.479077
1754017972833,515.62,0.408188
1754017972833,523.44,0.854809
1754017972834,531.25,7.744866
1754017972834,539.06,21.362222
1754017972834,546.87,13.645455
1754017972834,554.69,0.75701
1754017972835,562.5,0.309426
1754017972835,570.31,0.422519
1754017972835,578.12,0.15351
1754017972835,585.94,1.503619
1754017972836,593.75,28.617528
1754017972836,601.56,46.548897
1754017972836,609.37,18.591718
1754017972836,617.19,0.933479
1754017972837,625.0,0.348796
1754017972837,632.81,0.053095
1754017972837,640.62,0.379469
1754017972837,648.44,0.86841
1754017972838,656.25,5.500694
1754017972838,664.06,6.061624
1754017972838,671.87,1.52375
1754017972838,679.69,0.64832
1754017972839,687.5,0.297704
1754017972839,695.31,0.431895
1754017972839,703.12,1.421532
1754017972839,710.94,13.085194
1754017972839,718.75,38.742484
1754017972840,726.56,27.080378
1754017972840,734.37,2.339538
1754017972840,742.19,0.349726
1754017972840,750.0,0.6217
1754017972841,757.81,0.020914
1754017972841,765.62,0.246672
1754017972841,773.44,2.530531
1754017972841,781.25,4.865595
1754017972842,789.06,2.418341
1754017972842,796.87,0.484303
1754017972842,804.69,0.319082
1754017972842,812.5,0.586325
1754017972842,820.31,0.506198
1754017972843,828.12,3.923971
1754017972843,835.94,25.188962
1754017972843,843.75,28.731394
1754017972843,851.56,6.897776
1754017972844,859.37,1.139815
1754017972844,867.19,0.395758
1754017972844,875.0,0.595268
1754017972844,882.81,0.401064
1754017972845,890.62,3.184879
1754017972845,898.44,10.719625
1754017972845,906.25,8.240627
1754017972845,914.06,1.272722
1754017972845,921.87,0.207388
1754017972846,929.69,0.482644
1754017972846,937.5,0.779203
1754017972846,945.31,0.640022
1754017972846,953.12,12.937616
1754017972847,960.94,24.782159
1754017972847,968.75,11.560408
1754017972847,976.56,0.332045
1754017972847,984.37,0.26072
1754017972848,992.19,0.375718
1754017972848,1000.0,1.09682
1754017972848,1007.81,1.249486
1754017972848,1015.62,11.95946
1754017972849,1023.44,15.03305
1754017972849,1031.25,4.550382
1754017972849,1039.06,0.405603
1754017972849,1046.88,0.16575
1754017972850,1054.69,0.450015
1754017972850,1062.5,0.311186
1754017972850,1070.31,4.545154
1754017972850,1078.13,15.704854
1754017972851,1085.94,12.700657
1754017972851,1093.75,1.601744
1754017972851,1101.56,0.461644
1754017972851,1109.38,0.250251
1754017972852,1117.19,0.103867
1754017972852,1125.0,0.26046
1754017972852,1132.81,8.070676
1754017972852,1140.63,17.411018
1754017972853,1148.44,9.320552
1754017972853,1156.25,0.458266
1754017972853,1164.06,0.188897
1754017972853,1171.88,0.38826
1754017972854,1179.69,0.501072
1754017972854,1187.5,0.804018
1754017972854,1195.31,7.624488
1754017972854,1203.13,10.022222
1754017972855,1210.94,2.639617
1754017972855,1218.75,0.971106
1754017972855,1226.56,0.258808
1754017972855,1234.38,0.169188
1754017972856,1242.19,0.917241
1754017972856,1250.0,4.081678
1754017972856,1257.81,16.626975
1754017972856,1265.63,14.463459
1754017972857,1273.44,1.995468
1754017972857,1281.25,0.807195
1754017972857,1289.06,0.273698
1754017972857,1296.88,0.547257
1754017972858,1304.69,0.456616
1754017972858,1312.5,2.102661
1754017972858,1320.31,4.931028
1754017972858,1328.13,3.105273
1754017972859,1335.94,0.544436
1754017972859,1343.75,0.144558
1754017972859,1351.56,0.056945
1754017972859,1359.38,0.385233
1754017972860,1367.19,0.779489
1754017972860,1375.0,11.126304
1754017972860,1382.81,16.231654
1754017972860,1390.63,5.573183
1754017972861,1398.44,0.453234
1754017972861,1406.25,0.141177
1754017972861,1414.06,0.086245
1754017972861,1421.88,0.490649
1754017972862,1429.69,0.639892
1754017972862,1437.5,0.218173
1754017972862,1445.31,0.250545
1754017972862,1453.13,0.602164
1754017972862,1460.94,0.393635
1754017972863,1468.75,0.019948
1754017972863,1476.56,0.102244
1754017972863,1484.38,0.403129
1754017972864,1492.19,5.787682
1754017972864,1500.0,14.437687
1754017972864,1507.81,8.829626
1754017972864,1515.63,0.359855
1754017972865,1523.44,0.458918
1754017972865,1531.25,0.1799
1754017972865,1539.06,0.3802
1754017972865,1546.88,0.769155
1754017972866,1554.69,2.231458
1754017972866,1562.5,3.691644
1754017972866,1570.31,1.825886
1754017972866,1578.13,0.663301
1754017972867,1585.94,0.55906
1754017972867,1593.75,0.567233
1754017972867,1601.56,0.284559
1754017972867,1609.38,1.761557
1754017972868,1617.19,9.657018
1754017972868,1625.0,10.068258
1754017972868,1632.81,1.783053
1754017972868,1640.63,0.619677
1754017972869,1648.44,0.496284
1754017972869,1656.25,0.612334
1754017972869,1664.06,0.285654
1754017972869,1671.88,2.303279
1754017972870,1679.69,6.032612
1754017972870,1687.5,3.984023
1754017972870,1695.31,0.512911
1754017972870,1703.13,0.244909
1754017972871,1710.94,0.448694
1754017972871,1718.75,0.358909
1754017972871,1726.56,0.19812
1754017972871,1734.38,5.216516
1754017972872,1742.19,8.865846
1754017972872,1750.0,3.3599
1754017972872,1757.81,0.821873
1754017972872,1765.63,0.146532
1754017972873,1773.44,0.275259
1754017972873,1781.25,0.141253
1754017972873,1789.06,0.876923
1754017972873,1796.88,6.084113
1754017972874,1804.69,6.750118
1754017972874,1812.5,1.558127
1754017972874,1820.31,0.400396
1754017972874,1828.13,0.114332
1754017972875,1835.94,0.355668
1754017972875,1843.75,0.262903
1754017972875,1851.56,2.253725
1754017972875,1859.38,5.777816
1754017972876,1867.19,3.602535
1754017972876,1875.0,0.448895
1754017972876,1882.81,0.318819
1754017972877,1890.63,0.260209
1754017972877,1898.44,0.19209
1754017972877,1906.25,0.336427
1754017972877,1914.06,4.492587
1754017972878,1921.88,8.180611
1754017972878,1929.69,3.69505
1754017972878,1937.5,0.274984
1754017972878,1945.31,0.338287
1754017972879,1953.13,0.403578
1754017972879,1960.94,0.169608
1754017972879,1968.75,0.574764
1754017972879,1976.56,2.488513
1754017972880,1984.38,2.881059
1754017972880,1992.19,0.407163
1754017972880,2000.0,0.366257
1754017972880,2007.81,0.261119
1754017972881,2015.63,0.443623
1754017972881,2023.44,0.420535
1754017972881,2031.25,2.046646
1754017972881,2039.06,7.233004
1754017972882,2046.88,5.281124
1754017972882,2054.69,0.367657
1754017972882,2062.5,0.362263
1754017972882,2070.31,0.470438
1754017972883,2078.13,0.465834
1754017972883,2085.94,0.714915
1754017972883,2093.75,0.426539
1754017972883,2101.56,1.110658
1754017972884,2109.38,0.123267
1754017972884,2117.19,0.611222
1754017972884,2125.0,0.319939
1754017972884,2132.81,0.421589
1754017972885,2140.63,0.402037
1754017972885,2148.44,0.249329
1754017972885,2156.25,4.91476
1754017972885,2164.06,6.240456
1754017972886,2171.88,1.243925
1754017972886,2179.69,0.857526
1754017972886,2187.5,0.154592
1754017972886,2195.31,0.314206
1754017972887,2203.13,0.19767
1754017972887,2210.94,0.18377
1754017972887,2218.75,1.117671
1754017972887,2226.56,0.893363
1754017972888,2234.38,0.367057
1754017972888,2242.19,0.435238
1754017972888,2250.0,0.140965
1754017972888,2257.81,0.124111
1754017972889,2265.63,0.272707
1754017972889,2273.44,2.792658
1754017972889,2281.25,5.611401
1754017972889,2289.06,2.5936
1754017972890,2296.88,0.628177
1754017972890,2304.69,0.187794
1754017972890,2312.5,0.218389
1754017972890,2320.31,0.22245
1754017972891,2328.13,0.396707
1754017972891,2335.94,1.309597
1754017972891,2343.75,2.109761
1754017972891,2351.56,0.599544
1754017972892,2359.38,0.22148
1754017972892,2367.19,0.30733
1754017972892,2375.0,0.098617
1754017972892,2382.81,0.393695
1754017972893,2390.63,0.987262
1754017972893,2398.44,3.786522
1754017972893,2406.25,3.186265
1754017972893,2414.06,0.386302
1754017972894,2421.88,0.75134
1754017972894,2429.69,0.294549
1754017972894,2437.5,0.35468
1754017972894,2445.31,0.3572
1754017972895,2453.13,1.60738
1754017972895,2460.94,3.469108
1754017972895,2468.75,2.027592
1754017972896,2476.56,0.437372
1754017972896,2484.38,0.528561
1754017972896,2492.19,0.567168
1754017972896,2500.0,0.44247
1754017972897,2507.81,0.200824
1754017972897,2515.63,1.831514
1754017972897,2523.44,2.62282
1754017972898,2531.25,0.417995
1754017972898,2539.06,0.845176
1754017972898,2546.88,0.191884
1754017972898,2554.69,0.454817
1754017972899,2562.5,0.286219
1754017972899,2570.31,0.313895
1754017972899,2578.13,2.800612
1754017972899,2585.94,2.711477
1754017972899,2593.75,0.17099
1754017972900,2601.56,0.298872
1754017972900,2609.38,0.153665
1754017972900,2617.19,0.273694
1754017972901,2625.0,0.505522
1754017972901,2632.81,0.35195
1754017972901,2640.63,1.439657
1754017972901,2648.44,0.964781
1754017972902,2656.25,0.97426
1754017972902,2664.06,0.353776
1754017972902,2671.88,0.508555
1754017972902,2679.69,0.535805
1754017972903,2687.5,0.306175
1754017972903,2695.31,1.422677
1754017972903,2703.13,2.517519
1754017972903,2710.94,0.411881
1754017972904,2718.75,1.361118
1754017972904,2726.56,0.452433
1754017972904,2734.38,0.394365
1754017972905,2742.19,0.447863
1754017972905,2750.0,0.476806
1754017972905,2757.81,0.963019
1754017972905,2765.63,1.024236
1754017972906,2773.44,0.2938
1754017972906,2781.25,0.123062
1754017972906,2789.06,0.177032
1754017972906,2796.88,0.052925
1754017972907,2804.69,0.077047
1754017972907,2812.5,0.868552
1754017972907,2820.31,2.298736
1754017972908,2828.13,0.894253
1754017972908,2835.94,1.04109
1754017972908,2843.75,0.603593
1754017972908,2851.56,0.132073
1754017972909,2859.38,0.065884
1754017972909,2867.19,0.102761
1754017972909,2875.0,0.7898
1754017972909,2882.81,1.176648
1754017972910,2890.63,0.421822
1754017972910,2898.44,0.248901
1754017972910,2906.25,0.387715
1754017972910,2914.06,0.332111
1754017972911,2921.88,0.181163
1754017972911,2929.69,0.271209
1754017972911,2937.5,1.802519
1754017972911,2945.31,1.656882
1754017972912,2953.13,0.61899
1754017972912,2960.94,0.748609
1754017972912,2968.75,0.320823
1754017972913,2976.56,0.137221
1754017972913,2984.38,0.507847
1754017972913,2992.19,0.014821
1754017972913,3000.0,1.168649
1754017972914,3007.81,0.729909
1754017972914,3015.63,0.084654
1754017972914,3023.44,0.083712
1754017972915,3031.25,0.162215
1754017972915,3039.06,0.140596
1754017972915,3046.88,0.354023
1754017972915,3054.69,0.529002
1754017972916,3062.5,0.842903
1754017972916,3070.31,0.648068
1754017972916,3078.13,1.272364
1754017972916,3085.94,0.603119
1754017972917,3093.75,0.144721
1754017972917,3101.56,0.196722
1754017972917,3109.38,0.138223
1754017972918,3117.19,0.956708
1754017972918,3125.0,1.216257
1754017972918,3132.81,0.302868
1754017972918,3140.63,0.442262
1754017972919,3148.44,0.364894
1754017972919,3156.25,0.138723
1754017972919,3164.06,0.350958
1754017972920,3171.88,0.262729
1754017972920,3179.69,0.82449
1754017972920,3187.5,0.664022
1754017972920,3195.31,0.927568
1754017972921,3203.13,0.442211
1754017972921,3210.94,0.318016
1754017972921,3218.75,0.153848
1754017972921,3226.56,0.120995
1754017972922,3234.38,0.66622
1754017972922,3242.19,1.315333
1754017972922,3250.0,0.394987
1754017972923,3257.81,0.634587
1754017972923,3265.63,0.58833
1754017972923,3273.44,0.550449
1754017972923,3281.25,0.362453
1754017972924,3289.06,0.2556
1754017972924,3296.88,0.83371
1754017972924,3304.69,1.315401
1754017972925,3312.5,1.303421
1754017972925,3320.31,0.703287
1754017972925,3328.13,0.340686
1754017972925,3335.94,0.249376
1754017972926,3343.75,0.248705
1754017972926,3351.56,0.12574
1754017972926,3359.38,0.514493
1754017972926,3367.19,0.294413
1754017972927,3375.0,0.751592
1754017972927,3382.81,0.561975
1754017972927,3390.63,0.127391
1754017972927,3398.44,0.440476
1754017972928,3406.25,0.574563
1754017972928,3414.06,0.092892
1754017972928,3421.88,0.718945
1754017972928,3429.69,0.858266
1754017972929,3437.5,0.710437
1754017972929,3445.31,0.14523
1754017972929,3453.13,0.333893
1754017972929,3460.94,0.388224
1754017972930,3468.75,0.272883
1754017972930,3476.56,0.050163
1754017972930,3484.38,0.199395
1754017972930,3492.19,0.633119
1754017972931,3500.0,0.454461
1754017972931,3507.81,0.217881
1754017972931,3515.63,0.243901
1754017972932,3523.44,0.321735
1754017972932,3531.25,0.329438
1754017972932,3539.06,0.679316
1754017972932,3546.88,0.64428
1754017972933,3554.69,0.549234
1754017972933,3562.5,0.432069
1754017972933,3570.31,0.191854
1754017972933,3578.13,0.341618
1754017972934,3585.94,0.016127
1754017972934,3593.75,0.435328
1754017972934,3601.56,0.624743
1754017972934,3609.38,0.751971
1754017972935,3617.19,0.915784
1754017972935,3625.0,0.272938
1754017972935,3632.81,0.480657
1754017972935,3640.63,0.442534
1754017972936,3648.44,0.476434
1754017972936,3656.25,0.393879
1754017972936,3664.06,0.86438
1754017972936,3671.88,0.781025
1754017972937,3679.69,0.579918
1754017972937,3687.5,0.353372
1754017972937,3695.31,0.133805
1754017972937,3703.13,0.181022
1754017972938,3710.94,0.12944
1754017972938,3718.75,0.349469
1754017972938,3726.56,0.714947
1754017972939,3734.38,1.319568
1754017972939,3742.19,1.153714
1754017972939,3750.0,0.271902
1754017972939,3757.81,0.254828
1754017972940,3765.63,0.27139
1754017972940,3773.44,0.388
1754017972940,3781.25,0.871602
1754017972940,3789.06,0.624256
1754017972941,3796.88,0.502396
1754017972941,3804.69,0.441243
1754017972941,3812.5,0.38119
1754017972941,3820.31,0.371487
1754017972942,3828.13,0.373134
1754017972942,3835.94,0.214473
1754017972942,3843.75,0.654639
1754017972943,3851.56,1.020548
1754017972943,3859.38,0.848947
1754017972943,3867.19,0.318179
1754017972943,3875.0,0.591268
1754017972944,3882.81,0.274245
1754017972944,3890.63,0.228094
1754017972944,3898.44,0.634369
1754017972944,3906.25,0.879794
1754017972945,3914.06,0.852041
1754017972945,3921.88,0.55291
1754017972945,3929.69,0.085674
1754017972945,3937.5,0.34026
1754017972946,3945.31,0.411607
1754017972946,3953.13,0.360046
1754017972946,3960.94,0.708178
1754017972946,3968.75,0.855143
1754017972947,3976.56,1.094283
1754017972947,3984.38,0.575913
1754017972947,3992.19,0.439553
